bodyId,graph_index,superclass,subclass,limb_annotation,source_type_label,instance,somaSide,rootSide,somaNeuromere,exitNerve,mancBodyid,mancType,mancGroup,matchingNotes,synonyms,status,mapping_status,approved_joint,approved_torque_sign,approved_gain,mechanical_evidence
10047,38,cb_motor,pm,not a leg annotation,MNx02,MNx02_L,L,,,PhN,,,,,,Traced,source annotation only; mechanical mapping unapproved,,,,
10156,140,cb_motor,nm,not a leg annotation,CvN6,CvN6_R,R,,,CvN,,,,,,Traced,source annotation only; mechanical mapping unapproved,,,,
10331,306,cb_motor,pm,not a leg annotation,MN9,MN9_L,L,,,PhN,,,,,,Traced,source annotation only; mechanical mapping unapproved,,,,
10383,354,cb_motor,rm,not a leg annotation,PS349,PS349_R,R,,,AN,,,,,,Traced,source annotation only; mechanical mapping unapproved,,,,
10418,385,cb_motor,am,not a leg annotation,GNG649,GNG649_R,R,,,AN,,,,,,Traced,source annotation only; mechanical mapping unapproved,,,,
10538,500,cb_motor,pm,not a leg annotation,MN2Db,MN2Db_R,R,,,MxLbN,,,,,,Traced,source annotation only; mechanical mapping unapproved,,,,
10554,516,cb_motor,nm,not a leg annotation,GNG648,GNG648_R,R,,LB,CvN,,,,,,Traced,source annotation only; mechanical mapping unapproved,,,,
10619,577,cb_motor,pm,not a leg annotation,MN12D,MN12D_R,R,,,PhN,,,,,,Traced,source annotation only; mechanical mapping unapproved,,,,
10627,583,cb_motor,nm,not a leg annotation,CvN5,CvN5_R,R,,LB,CvN,,,,,,Traced,source annotation only; mechanical mapping unapproved,,,,
10699,651,cb_motor,nm,not a leg annotation,GNG648,GNG648_L,L,,LB,CvN,,,,,,Traced,source annotation only; mechanical mapping unapproved,,,,
10738,685,cb_motor,nm,not a leg annotation,GNG641,GNG641_L,L,,,CvN,,,,,,Traced,source annotation only; mechanical mapping unapproved,,,,
10754,698,cb_motor,nm,not a leg annotation,CvN7,CvN7_L,L,,,CvN,,,,,,Traced,source annotation only; mechanical mapping unapproved,,,,
10827,766,cb_motor,am,not a leg annotation,GNG651,GNG651_L,L,,,AN,,,,,,Traced,source annotation only; mechanical mapping unapproved,,,,
10863,799,cb_motor,am,not a leg annotation,,,R,,,AN,,,,,,Traced,source annotation only; mechanical mapping unapproved,,,,
10927,857,cb_motor,am,not a leg annotation,PS348,PS348(hb1622540849)_R,R,,,AN,,,,,,Traced,source annotation only; mechanical mapping unapproved,,,,
11051,973,cb_motor,am,not a leg annotation,PS348,PS348_L,L,,,AN,,,,,,Traced,source annotation only; mechanical mapping unapproved,,,,
11084,1003,cb_motor,pm,not a leg annotation,MN1,MN1_L,L,,GNG,MxLbN,,,,,,Traced,source annotation only; mechanical mapping unapproved,,,,
11265,1174,cb_motor,rm,not a leg annotation,PS349,PS349_L,L,,,AN,,,,,,Traced,source annotation only; mechanical mapping unapproved,,,,
11269,1178,cb_motor,pm,not a leg annotation,MN11D,MN11D_R,R,,,PhN,,,,,,Traced,source annotation only; mechanical mapping unapproved,,,,
11316,1224,cb_motor,nm,not a leg annotation,CvN4,CvN4_L,L,,LB,CvN,,,,,,Traced,source annotation only; mechanical mapping unapproved,,,,
11354,1261,cb_motor,nm,not a leg annotation,GNG650,GNG650_R,R,,LB,CvN,,,,,,Traced,source annotation only; mechanical mapping unapproved,,,,
11393,1297,cb_motor,pm,not a leg annotation,MN11D,MN11D_R,R,,,PhN,,,,,,Traced,source annotation only; mechanical mapping unapproved,,,,
11403,1307,cb_motor,nm,not a leg annotation,GNG641,GNG641_R,R,,,CvN,,,,,,Traced,source annotation only; mechanical mapping unapproved,,,,
11450,1354,cb_motor,pm,not a leg annotation,MN4b,MN4b_R,R,,,MxLbN,,,,,,Traced,source annotation only; mechanical mapping unapproved,,,,
11529,1428,cb_motor,am,not a leg annotation,GNG652,GNG652_R,R,,,AN,,,,,,Traced,source annotation only; mechanical mapping unapproved,,,,
11861,1739,cb_motor,pm,not a leg annotation,MN10,MN10_R,R,,,PhN,,,,,,Traced,source annotation only; mechanical mapping unapproved,,,,
11879,1755,cb_motor,nm,not a leg annotation,GNG276,GNG276_L,L,,LB,CvN,,,,,,Traced,source annotation only; mechanical mapping unapproved,,,,
11934,1807,cb_motor,nm,not a leg annotation,GNG650,GNG650_L,L,,LB,CvN,,,,,,Traced,source annotation only; mechanical mapping unapproved,,,,
11979,1851,cb_motor,am,not a leg annotation,GNG651,GNG651_R,R,,,AN,,,,,,Traced,source annotation only; mechanical mapping unapproved,,,,
12076,1942,cb_motor,rm,not a leg annotation,GNG647,GNG647_R,R,,,ON,,,,,,Traced,source annotation only; mechanical mapping unapproved,,,,
12097,1962,cb_motor,nm,not a leg annotation,GNG283,GNG283_L,L,,LB,CvN,,,,,,Traced,source annotation only; mechanical mapping unapproved,,,,
12126,1987,cb_motor,rm,not a leg annotation,GNG647,GNG647_L,L,,,ON,,,,,,Traced,source annotation only; mechanical mapping unapproved,,,,
12141,2002,cb_motor,nm,not a leg annotation,CvN4,CvN4_R,R,,LB,CvN,,,,,,Traced,source annotation only; mechanical mapping unapproved,,,,
12173,2031,cb_motor,rm,not a leg annotation,GNG314,GNG314_L,L,,,ON,,,,dorsolateral branch in mcns,,Traced,source annotation only; mechanical mapping unapproved,,,,
12180,2038,cb_motor,nm,not a leg annotation,GNG653,GNG653_L,L,,LB,CvN,,,,,,Traced,source annotation only; mechanical mapping unapproved,,,,
12342,2188,cb_motor,nm,not a leg annotation,GNG276,GNG276_R,R,,LB,CvN,,,,,,Traced,source annotation only; mechanical mapping unapproved,,,,
12631,2461,cb_motor,rm,not a leg annotation,GNG314,GNG314_R,R,,,ON,,,,dorsolateral branch in mcns,,Traced,source annotation only; mechanical mapping unapproved,,,,
12642,2470,cb_motor,am,not a leg annotation,GNG649,GNG649_L,L,,,AN,,,,,,Traced,source annotation only; mechanical mapping unapproved,,,,
12657,2485,cb_motor,am,not a leg annotation,GNG668,GNG668_R,R,,,AN,,,,,,Traced,source annotation only; mechanical mapping unapproved,,,,
12845,2661,cb_motor,am,not a leg annotation,GNG133,GNG133_L,L,,LB,AN,,,,,,Traced,source annotation only; mechanical mapping unapproved,,,,
13128,2928,cb_motor,nm,not a leg annotation,GNG653,GNG653_R,R,,LB,CvN,,,,,,Traced,source annotation only; mechanical mapping unapproved,,,,
13359,3142,cb_motor,pm,not a leg annotation,MN5,MN5_R,R,,,PhN,,,,,,Traced,source annotation only; mechanical mapping unapproved,,,,
13592,3353,cb_motor,rm,not a leg annotation,GNG647,GNG647_R,R,,,ON,,,,,,Traced,source annotation only; mechanical mapping unapproved,,,,
13643,3398,cb_motor,am,not a leg annotation,GNG652,GNG652_L,L,,,AN,,,,,,Traced,source annotation only; mechanical mapping unapproved,,,,
13812,3555,cb_motor,am,not a leg annotation,GNG133,GNG133_R,R,,LB,AN,,,,,,Traced,source annotation only; mechanical mapping unapproved,,,,
14237,3937,cb_motor,pm,not a leg annotation,MN12D,MN12D_L,L,,,PhN,,,,,,Traced,source annotation only; mechanical mapping unapproved,,,,
14780,4421,cb_motor,pm,not a leg annotation,MN2Da,MN2Da_L,L,,,MxLbN,,,,,,Traced,source annotation only; mechanical mapping unapproved,,,,
14907,4535,cb_motor,pm,not a leg annotation,MN13,MN13_L,L,,,MxLbN,,,,,fru-M-100018,Traced,source annotation only; mechanical mapping unapproved,,,,
15140,4745,cb_motor,am,not a leg annotation,GNG668,GNG668_L,L,,,AN,,,,,,Traced,source annotation only; mechanical mapping unapproved,,,,
15530,5091,cb_motor,pm,not a leg annotation,MN1,MN1_L,L,,GNG,MxLbN,,,,,,Traced,source annotation only; mechanical mapping unapproved,,,,
16134,5627,cb_motor,pm,not a leg annotation,MN7,MN7_L,L,,,MxLbN,,,,,,Traced,source annotation only; mechanical mapping unapproved,,,,
16361,5835,cb_motor,pm,not a leg annotation,MNx03,MNx03_L,L,,,PhN,,,,,,Traced,source annotation only; mechanical mapping unapproved,,,,
16827,6255,cb_motor,pm,not a leg annotation,MN8,MN8_L,L,,,MxLbN,,,,,,Traced,source annotation only; mechanical mapping unapproved,,,,
16892,6313,cb_motor,pm,not a leg annotation,MN7,MN7_L,L,,,MxLbN,,,,,,Traced,source annotation only; mechanical mapping unapproved,,,,
16949,6367,cb_motor,pm,not a leg annotation,MN9,MN9_R,R,,,PhN,,,,,,Traced,source annotation only; mechanical mapping unapproved,,,,
17281,6660,cb_motor,pm,not a leg annotation,MN2Db,MN2Db_L,L,,,MxLbN,,,,,,Traced,source annotation only; mechanical mapping unapproved,,,,
17495,6853,cb_motor,pm,not a leg annotation,MN7,MN7_R,R,,,MxLbN,,,,,,Traced,source annotation only; mechanical mapping unapproved,,,,
18295,7571,cb_motor,pm,not a leg annotation,MN4a,MN4a_L,L,,,MxLbN,,,,,,Traced,source annotation only; mechanical mapping unapproved,,,,
19296,8465,cb_motor,pm,not a leg annotation,MNx01,MNx01_R,R,,,PhN,,,,,,Traced,source annotation only; mechanical mapping unapproved,,,,
19823,8936,cb_motor,pm,not a leg annotation,CEM,CEM_L,L,,,PhN,,,,,,Traced,source annotation only; mechanical mapping unapproved,,,,
20173,9245,cb_motor,pm,not a leg annotation,MN8,MN8_R,R,,,MxLbN,,,,,,Traced,source annotation only; mechanical mapping unapproved,,,,
20518,9548,cb_motor,pm,not a leg annotation,CEM,CEM_L,L,,,PhN,,,,,,Traced,source annotation only; mechanical mapping unapproved,,,,
20600,9625,cb_motor,pm,not a leg annotation,MNx03,MNx03_L,L,,,PhN,,,,,,Traced,source annotation only; mechanical mapping unapproved,,,,
23511,12236,cb_motor,pm,not a leg annotation,CEM,CEM_R,R,,,PhN,,,,,,Traced,source annotation only; mechanical mapping unapproved,,,,
24511,13137,cb_motor,pm,not a leg annotation,MNx03,MNx03_R,R,,,PhN,,,,,,Traced,source annotation only; mechanical mapping unapproved,,,,
24808,13394,cb_motor,pm,not a leg annotation,MNx05,MNx05_R,R,,,PhN,,,,,,Traced,source annotation only; mechanical mapping unapproved,,,,
26137,14577,cb_motor,pm,not a leg annotation,MNx02,MNx02_R,R,,,PhN,,,,,,Traced,source annotation only; mechanical mapping unapproved,,,,
27938,16190,cb_motor,pm,not a leg annotation,MN4a,MN4a_R,R,,,MxLbN,,,,,,Traced,source annotation only; mechanical mapping unapproved,,,,
30780,18709,cb_motor,pm,not a leg annotation,MN13,MN13_R,R,,,MxLbN,,,,,fru-M-100018,Traced,source annotation only; mechanical mapping unapproved,,,,
32092,19853,cb_motor,pm,not a leg annotation,MN7,MN7_R,R,,,MxLbN,,,,,,Traced,source annotation only; mechanical mapping unapproved,,,,
32852,20519,cb_motor,pm,not a leg annotation,CEM,CEM_L,L,,,PhN,,,,,,Traced,source annotation only; mechanical mapping unapproved,,,,
34597,22062,cb_motor,pm,not a leg annotation,CEM,CEM_R,R,,,PhN,,,,,,Traced,source annotation only; mechanical mapping unapproved,,,,
36368,23638,cb_motor,pm,not a leg annotation,MN4a,MN4a_L,L,,,MxLbN,,,,,,Traced,source annotation only; mechanical mapping unapproved,,,,
49829,35438,cb_motor,pm,not a leg annotation,MN11V,MN11V_L,L,,,PhN,,,,,,Traced,source annotation only; mechanical mapping unapproved,,,,
85275,64660,cb_motor,pm,not a leg annotation,MN3L,MN3L_R,R,,,PhN,,,,,,Traced,source annotation only; mechanical mapping unapproved,,,,
94688,71785,cb_motor,pm,not a leg annotation,MN3M,MN3M_L,L,,,PhN,,,,,,Traced,source annotation only; mechanical mapping unapproved,,,,
101002,76463,cb_motor,pm,not a leg annotation,MNx01,MNx01_L,L,,,PhN,,,,,,Traced,source annotation only; mechanical mapping unapproved,,,,
164190,111648,vnc_motor,ad,not a leg annotation,MNad21,MNad21_L,L,,A1,AbN2,10482.0,MNad21,10473.0,,,Traced,source annotation only; mechanical mapping unapproved,,,,
174810,114410,cb_motor,nm,not a leg annotation,CvN5,CvN5_L,L,,LB,CvN,,,,,,Traced,source annotation only; mechanical mapping unapproved,,,,
192306,117925,cb_motor,nm,not a leg annotation,CvN6,CvN6_L,L,,,CvN,,,,,,Traced,source annotation only; mechanical mapping unapproved,,,,
200682,119401,cb_motor,pm,not a leg annotation,MNx04,MNx04_R,R,,,PhN,,,,,,Traced,source annotation only; mechanical mapping unapproved,,,,
231558,122796,cb_motor,nm,not a leg annotation,GNG283,GNG283(hb2180780757)_R,R,,LB,CvN,,,,,,Traced,source annotation only; mechanical mapping unapproved,,,,
269067,124172,cb_motor,pm,not a leg annotation,MN3L,MN3L_L,L,,,PhN,,,,,,Traced,source annotation only; mechanical mapping unapproved,,,,
440899,125732,cb_motor,pm,not a leg annotation,MN12D,MN12D_R,R,,,PhN,,,,,,Traced,source annotation only; mechanical mapping unapproved,,,,
482595,125880,cb_motor,pm,not a leg annotation,CEM,CEM_L,L,,,PhN,,,,,,Traced,source annotation only; mechanical mapping unapproved,,,,
511990,126308,cb_motor,pm,not a leg annotation,MN3L,MN3L_R,R,,,PhN,,,,,,Traced,source annotation only; mechanical mapping unapproved,,,,
512877,126784,cb_motor,pm,not a leg annotation,MNx01,MNx01_L,L,,,PhN,,,,,,Traced,source annotation only; mechanical mapping unapproved,,,,
515060,128016,cb_motor,pm,not a leg annotation,MN10,MN10_R,R,,,PhN,,,,,,Traced,source annotation only; mechanical mapping unapproved,,,,
517268,129331,cb_motor,pm,not a leg annotation,MN2Da,MN2Da_R,R,,,MxLbN,,,,,,Traced,source annotation only; mechanical mapping unapproved,,,,
518650,130136,cb_motor,pm,not a leg annotation,MN4b,MN4b_L,L,,,MxLbN,,,,,,Traced,source annotation only; mechanical mapping unapproved,,,,
519667,130750,cb_motor,pm,not a leg annotation,MN6,MN6_R,R,,,MxLbN,,,,,,Traced,source annotation only; mechanical mapping unapproved,,,,
519878,130856,cb_motor,pm,not a leg annotation,MN2V,MN2V_R,R,,,MxLbN,,,,,,Traced,source annotation only; mechanical mapping unapproved,,,,
522704,131999,cb_motor,pm,not a leg annotation,MN4a,MN4a_R,R,,,MxLbN,,,,,,Traced,source annotation only; mechanical mapping unapproved,,,,
524799,132942,cb_motor,pm,not a leg annotation,MN3M,MN3M_R,R,,,PhN,,,,,,Traced,source annotation only; mechanical mapping unapproved,,,,
533967,136658,cb_motor,pm,not a leg annotation,MN12D,MN12D_L,L,,,PhN,,,,,,Traced,source annotation only; mechanical mapping unapproved,,,,
533971,136659,cb_motor,pm,not a leg annotation,MNx01,MNx01_L,L,,,PhN,,,,,,Traced,source annotation only; mechanical mapping unapproved,,,,
535501,137344,cb_motor,pm,not a leg annotation,MN5,MN5_L,L,,,PhN,,,,,,Traced,source annotation only; mechanical mapping unapproved,,,,
551398,142251,cb_motor,pm,not a leg annotation,MN11D,MN11D_L,L,,,PhN,,,,,,Traced,source annotation only; mechanical mapping unapproved,,,,
555796,142928,cb_motor,pm,not a leg annotation,MN2V,MN2V_L,L,,,MxLbN,,,,,,Traced,source annotation only; mechanical mapping unapproved,,,,
556449,143013,cb_motor,nm,not a leg annotation,CvN7,CvN7_R,R,,,CvN,,,,,,Traced,source annotation only; mechanical mapping unapproved,,,,
556589,143038,cb_motor,pm,not a leg annotation,MN3L,MN3L_L,L,,,PhN,,,,,,Traced,source annotation only; mechanical mapping unapproved,,,,
580748,144469,cb_motor,pm,not a leg annotation,MN1,MN1_R,R,,GNG,MxLbN,,,,reconstruction state mcns,,Traced,source annotation only; mechanical mapping unapproved,,,,
800056,144823,vnc_motor,wm,not a leg annotation,DVMn 1a-c,DVMn 1a-c_R,R,,T2,ADMN,10733.0,DVMn 1a-c,10669.0,,,Traced,source annotation only; mechanical mapping unapproved,,,,
800061,144825,vnc_motor,fl,front,Tergopleural/Pleural promotor MN,Tergopleural/Pleural promotor MN_L,L,,T1,DProN,12686.0,Tergopleural/Pleural promotor MN,12686.0,,,Traced,source annotation only; mechanical mapping unapproved,,,,
800146,144889,vnc_motor,wm,not a leg annotation,TTMn,TTMn_R,R,,T2,PDMNp,10110.0,TTMn,10068.0,,,Traced,source annotation only; mechanical mapping unapproved,,,,
800158,144900,vnc_motor,hl,hind,Ti extensor MN,Ti extensor MN_R,R,,T3,MetaLN,10462.0,Ti extensor MN,10347.0,,,Traced,source annotation only; mechanical mapping unapproved,,,,
800175,144911,vnc_motor,hl,hind,Pleural remotor/abductor MN,Pleural remotor/abductor MN_L,L,,T3,MetaLN,18286.0,Pleural remotor/abductor MN,,,,Traced,source annotation only; mechanical mapping unapproved,,,,
800184,144918,vnc_motor,wm,not a leg annotation,MNwm36,MNwm36_L,L,,T2,MesoAN,10178.0,MNwm36,10178.0,,,Traced,source annotation only; mechanical mapping unapproved,,,,
800190,144921,vnc_motor,wm,not a leg annotation,MNwm35,MNwm35_R,R,,T2,MesoAN,13665.0,MNwm35,13665.0,,,Traced,source annotation only; mechanical mapping unapproved,,,,
800230,144945,vnc_motor,ml,middle,MNml82,MNml82_R,R,,T2,MesoLN,13746.0,MNml82,,,,Traced,source annotation only; mechanical mapping unapproved,,,,
800241,144953,vnc_motor,wm,not a leg annotation,hg1 MN,hg1 MN_L,L,,T2,ADMN,10123.0,hg1 MN,10011.0,extensive branching mcns,,Traced,source annotation only; mechanical mapping unapproved,,,,
800248,144959,vnc_motor,ad,not a leg annotation,MNad07,MNad07_L,L,,A4,AbN4,14768.0,MNad07,14768.0,,,Traced,source annotation only; mechanical mapping unapproved,,,,
800290,144988,vnc_motor,hl,hind,Pleural remotor/abductor MN,Pleural remotor/abductor MN_R,R,,T3,MetaLN,14596.0,Pleural remotor/abductor MN,,,,Traced,source annotation only; mechanical mapping unapproved,,,,
800316,145009,vnc_motor,hl,hind,Sternal anterior rotator MN,Sternal anterior rotator MN,R,,T3,MetaLN,11562.0,Sternal anterior rotator MN,11562.0,,,Traced,source annotation only; mechanical mapping unapproved,,,,
800358,145038,vnc_motor,hl,hind,MNhl64,MNhl64_R,R,,T3,MetaLN,13740.0,MNhl64,13740.0,,,Traced,source annotation only; mechanical mapping unapproved,,,,
800381,145053,vnc_motor,wm,not a leg annotation,i2 MN,i2 MN_L,L,,T2,ADMN,14390.0,i2 MN,10145.0,,,Traced,source annotation only; mechanical mapping unapproved,,,,
800412,145077,vnc_motor,wm,not a leg annotation,DVMn 1a-c,DVMn 1a-c_L,L,,T2,ADMN,12330.0,DVMn 1a-c,10669.0,,,Traced,source annotation only; mechanical mapping unapproved,,,,
800474,145125,vnc_motor,hm,not a leg annotation,MNhm42,MNhm42_R,R,,T3,AbN1,49582.0,MNhm42,10571.0,,,Traced,source annotation only; mechanical mapping unapproved,,,,
800478,145128,vnc_motor,ad,not a leg annotation,MNad68,MNad68_L,L,,A9,AbNT,10094.0,MNad68,10527.0,,,Traced,source annotation only; mechanical mapping unapproved,,,,
800479,145129,vnc_motor,ad,not a leg annotation,MNad49,MNad49_R,R,,A9,AbNT,13493.0,MNad49,14447.0,,,Traced,source annotation only; mechanical mapping unapproved,,,,
800504,145149,vnc_motor,hl,hind,Sternotrochanter MN,Sternotrochanter MN_L,L,,T3,MetaLN,152642.0,Sternotrochanter MN,152621.0,,,Traced,source annotation only; mechanical mapping unapproved,,,,
800541,145178,vnc_motor,ml,middle,Pleural remotor/abductor MN,Pleural remotor/abductor MN_L,L,,T2,MesoLN,219853.0,Pleural remotor/abductor MN,17091.0,,,Traced,source annotation only; mechanical mapping unapproved,,,,
800553,145189,vnc_motor,hl,hind,Pleural remotor/abductor MN,Pleural remotor/abductor MN_R,R,,T3,MetaLN,15262.0,Pleural remotor/abductor MN,,,,Traced,source annotation only; mechanical mapping unapproved,,,,
800573,145206,vnc_motor,wm,not a leg annotation,i2 MN,i2 MN_R,R,,T2,ADMN,10145.0,i2 MN,10145.0,,,Traced,source annotation only; mechanical mapping unapproved,,,,
800577,145210,vnc_motor,ad,not a leg annotation,MNad61,MNad61_L,L,,A8,AbNT,11265.0,MNad61,12499.0,,,Traced,source annotation only; mechanical mapping unapproved,,,,
800578,145211,vnc_motor,hl,hind,Fe reductor MN,Fe reductor MN_L,L,,T3,MetaLN,14020.0,Fe reductor MN,12113.0,,,Traced,source annotation only; mechanical mapping unapproved,,,,
800589,145220,vnc_motor,ml,middle,Tr flexor MN,Tr flexor MN_L,L,,T2,MesoLN,13817.0,Tr flexor MN,,,,Traced,source annotation only; mechanical mapping unapproved,,,,
800606,145232,vnc_motor,wm,not a leg annotation,MNwm35,MNwm35_L,L,,T2,MesoAN,11991.0,MNwm35,13665.0,,,Traced,source annotation only; mechanical mapping unapproved,,,,
800608,145233,vnc_motor,ad,not a leg annotation,MNad19,MNad19_R,R,,A4,AbN4,11283.0,MNad19,10753.0,,,Traced,source annotation only; mechanical mapping unapproved,,,,
800621,145241,vnc_motor,hl,hind,Ti extensor MN,Ti extensor MN_L,L,,T3,MetaLN,13075.0,Ti extensor MN,13006.0,,,Traced,source annotation only; mechanical mapping unapproved,,,,
800636,145248,vnc_motor,fl,front,Ti extensor MN,Ti extensor MN_L,L,,T1,ProLN,12704.0,Ti extensor MN,11706.0,,,Traced,source annotation only; mechanical mapping unapproved,,,,
800637,145249,vnc_motor,wm,not a leg annotation,i1 MN,i1 MN_R,R,,T2,ADMN,10225.0,i1 MN,10225.0,,,Traced,source annotation only; mechanical mapping unapproved,,,,
800659,145266,vnc_motor,ad,not a leg annotation,MNad22,MNad22_R,R,,A7,AbNT,11242.0,MNad22,10383.0,,,Traced,source annotation only; mechanical mapping unapproved,,,,
800664,145270,vnc_motor,ad,not a leg annotation,MNad64,MNad64_L,L,,A9,AbNT,11097.0,MNad64,11097.0,,,Traced,source annotation only; mechanical mapping unapproved,,,,
800696,145293,vnc_motor,wm,not a leg annotation,MNwm36,MNwm36_R,R,,T2,MesoAN,46457.0,MNwm36,10178.0,,,Traced,source annotation only; mechanical mapping unapproved,,,,
800718,145311,vnc_motor,wm,not a leg annotation,DLMn c-f,DLMn c-f_L,L,,T1,PDMNa,10088.0,DLMn c-f,10014.0,,,Traced,source annotation only; mechanical mapping unapproved,,,,
800743,145330,vnc_motor,wm,not a leg annotation,ps1 MN,ps1 MN_R,R,,T2,MesoAN,10204.0,ps1 MN,10204.0,,,Traced,source annotation only; mechanical mapping unapproved,,,,
800762,145342,vnc_motor,ad,not a leg annotation,MNad41,MNad41_L,L,,A1,AbN2,10904.0,MNad41,10840.0,,,Traced,source annotation only; mechanical mapping unapproved,,,,
800776,145351,vnc_motor,ml,middle,Pleural remotor/abductor MN,Pleural remotor/abductor MN_R,R,,T2,MesoLN,41482.0,Pleural remotor/abductor MN,41482.0,,,Traced,source annotation only; mechanical mapping unapproved,,,,
800847,145407,vnc_motor,wm,not a leg annotation,hg4 MN,hg4 MN_L,L,,T2,MesoAN,10200.0,hg4 MN,10200.0,,,Traced,source annotation only; mechanical mapping unapproved,,,,
800851,145410,vnc_motor,hl,hind,Sternotrochanter MN,Sternotrochanter MN_L,L,,T3,MetaLN,157432.0,Sternotrochanter MN,152621.0,,,Traced,source annotation only; mechanical mapping unapproved,,,,
800875,145425,vnc_motor,ad,not a leg annotation,MNad33,MNad33_L,L,,A1,AbN2,15801.0,MNad33,14341.0,,,Traced,source annotation only; mechanical mapping unapproved,,,,
800890,145434,vnc_motor,wm,not a leg annotation,DLMn c-f,DLMn c-f_L,L,,T1,PDMNa,10014.0,DLMn c-f,10014.0,,,Traced,source annotation only; mechanical mapping unapproved,,,,
800899,145443,vnc_motor,wm,not a leg annotation,tp2 MN,tp2 MN_R,R,,T2,ADMN,10766.0,tp2 MN,10270.0,,,Traced,source annotation only; mechanical mapping unapproved,,,,
800906,145449,vnc_motor,wm,not a leg annotation,hg4 MN,hg4 MN_R,R,,T2,MesoAN,10433.0,hg4 MN,10200.0,,,Traced,source annotation only; mechanical mapping unapproved,,,,
800911,145453,vnc_motor,ml,middle,Ti extensor MN,Ti extensor MN_L,L,,T2,MesoLN,,Ti extensor MN,10737.0,,,Traced,source annotation only; mechanical mapping unapproved,,,,
800917,145456,vnc_motor,wm,not a leg annotation,hg1 MN,hg1 MN_R,R,,T2,ADMN,10011.0,hg1 MN,10011.0,extensive branching mcns,,Traced,source annotation only; mechanical mapping unapproved,,,,
800928,145467,vnc_motor,wm,not a leg annotation,ps1 MN,ps1 MN_L,L,,T2,MesoAN,10958.0,ps1 MN,10204.0,,,Traced,source annotation only; mechanical mapping unapproved,,,,
800962,145487,vnc_motor,ml,middle,Sternal posterior rotator MN,Sternal posterior rotator MN_R,R,,T2,MesoLN,16035.0,Sternal posterior rotator MN,49886.0,,,Traced,source annotation only; mechanical mapping unapproved,,,,
801020,145528,vnc_motor,ad,not a leg annotation,MNad20,MNad20_L,L,,A9,AbNT,14983.0,MNad20,13356.0,,,Traced,source annotation only; mechanical mapping unapproved,,,,
801021,145529,vnc_motor,wm,not a leg annotation,hg3 MN,hg3 MN_L,L,,T2,ADMN,10130.0,hg3 MN,10130.0,,,Traced,source annotation only; mechanical mapping unapproved,,,,
801057,145555,vnc_motor,ml,middle,Tr flexor MN,Tr flexor MN_R,R,,T2,MesoLN,15006.0,Tr flexor MN,15006.0,,,Traced,source annotation only; mechanical mapping unapproved,,,,
801058,145556,vnc_motor,ml,middle,Tr flexor MN,Tr flexor MN_R,R,,T2,MesoLN,10461.0,Tr flexor MN,15006.0,,,Traced,source annotation only; mechanical mapping unapproved,,,,
801079,145570,vnc_motor,fl,front,Sternotrochanter MN,Sternotrochanter MN_R,R,,T1,VProN,18440.0,Sternotrochanter MN,18006.0,,,Traced,source annotation only; mechanical mapping unapproved,,,,
801090,145578,vnc_motor,hl,hind,Sternotrochanter MN,Sternotrochanter MN_R,R,,T3,MetaLN,152620.0,Sternotrochanter MN,152621.0,,,Traced,source annotation only; mechanical mapping unapproved,,,,
801137,145615,vnc_motor,wm,not a leg annotation,b2 MN,b2 MN_L,L,,T2,ADMN,10131.0,b2 MN,10064.0,,,Traced,source annotation only; mechanical mapping unapproved,,,,
801148,145624,vnc_motor,hl,hind,Sternotrochanter MN,Sternotrochanter MN_R,R,,T3,MetaLN,152621.0,Sternotrochanter MN,152621.0,,,Traced,source annotation only; mechanical mapping unapproved,,,,
801158,145632,vnc_motor,ad,not a leg annotation,MNad64,MNad64_R,R,,A9,AbNT,10872.0,MNad64,11097.0,,,Traced,source annotation only; mechanical mapping unapproved,,,,
801173,145643,vnc_motor,fl,front,Tergopleural/Pleural promotor MN,Tergopleural/Pleural promotor MN_L,L,,T1,DProN,19319.0,Tergopleural/Pleural promotor MN,12628.0,,,Traced,source annotation only; mechanical mapping unapproved,,,,
801185,145653,vnc_motor,wm,not a leg annotation,tpn MN,tpn MN_L,L,,T2,ADMN,10543.0,tpn MN,10543.0,,,Traced,source annotation only; mechanical mapping unapproved,,,,
801220,145679,vnc_motor,wm,not a leg annotation,i1 MN,i1 MN_L,L,,T2,ADMN,10115.0,i1 MN,10225.0,,,Traced,source annotation only; mechanical mapping unapproved,,,,
801234,145689,vnc_motor,ml,middle,Ti extensor MN,Ti extensor MN_L,L,,T2,MesoLN,11115.0,Ti extensor MN,10461.0,,,Traced,source annotation only; mechanical mapping unapproved,,,,
801267,145717,vnc_motor,hl,hind,MNhl02,MNhl02_R,R,,T3,AbN1,11274.0,MNhl02,11274.0,,,Traced,source annotation only; mechanical mapping unapproved,,,,
801292,145740,vnc_motor,wm,not a leg annotation,b3 MN,b3 MN_L,L,,T2,ADMN,10055.0,b3 MN,10055.0,,,Traced,source annotation only; mechanical mapping unapproved,,,,
801295,145743,vnc_motor,wm,not a leg annotation,"DLMn a, b","DLMn a, b_R",R,,T2,PDMNa,10589.0,"DLMn a, b",10074.0,,,Traced,source annotation only; mechanical mapping unapproved,,,,
801304,145749,vnc_motor,ad,not a leg annotation,MNad42,MNad42_L,L,,A1,AbN2,10460.0,MNad42,10460.0,,,Traced,source annotation only; mechanical mapping unapproved,,,,
801310,145755,vnc_motor,wm,not a leg annotation,b1 MN,b1 MN_L,L,,T2,ADMN,10013.0,b1 MN,10013.0,,,Traced,source annotation only; mechanical mapping unapproved,,,,
801319,145762,vnc_motor,nm,not a leg annotation,MNnm13,MNnm13_L,L,,T1,DProN,13974.0,MNnm13,15244.0,,,Traced,source annotation only; mechanical mapping unapproved,,,,
801335,145775,vnc_motor,hl,hind,MNhl59,MNhl59_R,R,,T3,MetaLN,13543.0,MNhl59,11809.0,,,Traced,source annotation only; mechanical mapping unapproved,,,,
801350,145785,vnc_motor,wm,not a leg annotation,b2 MN,b2 MN_R,R,,T2,ADMN,10064.0,b2 MN,10064.0,,,Traced,source annotation only; mechanical mapping unapproved,,,,
801362,145793,vnc_motor,ad,not a leg annotation,MNad41,MNad41_R,R,,A1,AbN2,10840.0,MNad41,10840.0,,,Traced,source annotation only; mechanical mapping unapproved,,,,
801375,145804,vnc_motor,hl,hind,Sternotrochanter MN,Sternotrochanter MN_R,R,,T3,MetaLN,13069.0,Sternotrochanter MN,13069.0,,,Traced,source annotation only; mechanical mapping unapproved,,,,
801391,145817,vnc_motor,wm,not a leg annotation,STTMm,STTMm_R,R,,T2,PDMNp,24493.0,STTMm,17316.0,,,Traced,source annotation only; mechanical mapping unapproved,,,,
801394,145819,vnc_motor,ad,not a leg annotation,MNad67,MNad67_R,R,,A8,AbNT,10865.0,MNad67,10865.0,,,Traced,source annotation only; mechanical mapping unapproved,,,,
801434,145849,vnc_motor,ad,not a leg annotation,MNad19,MNad19_L,L,,A4,AbN4,12612.0,MNad19,10753.0,,,Traced,source annotation only; mechanical mapping unapproved,,,,
801469,145873,vnc_motor,fl,front,Sternal anterior rotator MN,Sternal anterior rotator MN_R,R,,T1,VProN,16209.0,Sternal anterior rotator MN,,,,Traced,source annotation only; mechanical mapping unapproved,,,,
801477,145879,vnc_motor,ml,middle,MNml81,MNml81_R,R,,T2,MesoLN,14828.0,MNml81,13036.0,,,Traced,source annotation only; mechanical mapping unapproved,,,,
801491,145889,vnc_motor,ad,not a leg annotation,MNad19,MNad19_R,R,,A5,AbN4,11768.0,MNad19,11768.0,,,Traced,source annotation only; mechanical mapping unapproved,,,,
801492,145890,vnc_motor,hl,hind,Sternal posterior rotator MN,Sternal posterior rotator MN_L,L,,T3,MetaLN,14168.0,Sternal posterior rotator MN,,,,Traced,source annotation only; mechanical mapping unapproved,,,,
801548,145938,vnc_motor,hl,hind,Sternal anterior rotator MN,Sternal anterior rotator MN_L,L,,T3,MetaLN,18471.0,Sternal anterior rotator MN,11022.0,,,Traced,source annotation only; mechanical mapping unapproved,,,,
801553,145942,vnc_motor,ad,not a leg annotation,MNad05,MNad05_R,R,,A2,AbN4,14902.0,MNad05,14902.0,,,Traced,source annotation only; mechanical mapping unapproved,,,,
801637,146003,vnc_motor,hl,hind,Acc. ti flexor MN,Acc. ti flexor MN_R,R,,T3,MetaLN,15550.0,Acc. ti flexor MN,,,,Traced,source annotation only; mechanical mapping unapproved,,,,
801678,146032,vnc_motor,nm,not a leg annotation,ADNM1 MN,ADNM1 MN_R,R,,T1,CvN,20860.0,ADNM1,10407.0,,,Traced,source annotation only; mechanical mapping unapproved,,,,
801685,146038,vnc_motor,fl,front,Sternotrochanter MN,Sternotrochanter MN_L,L,,T1,VProN,100515.0,Sternotrochanter MN,20615.0,,,Traced,source annotation only; mechanical mapping unapproved,,,,
801693,146045,vnc_motor,hl,hind,Fe reductor MN,Fe reductor MN_R,R,,T3,MetaLN,16633.0,Fe reductor MN,16633.0,,,Traced,source annotation only; mechanical mapping unapproved,,,,
801715,146060,vnc_motor,hl,hind,Sternal posterior rotator MN,Sternal posterior rotator MN_L,L,,T3,MetaLN,18286.0,Sternal posterior rotator MN,,,,Traced,source annotation only; mechanical mapping unapproved,,,,
801721,146065,vnc_motor,hl,hind,Tr flexor MN,Tr flexor MN_R,R,,T3,MetaLN,41439.0,Tr flexor MN,,,,Traced,source annotation only; mechanical mapping unapproved,,,,
801736,146075,vnc_motor,hl,hind,MNhl62,MNhl62_L,L,,T3,AbN1,11813.0,MNhl62,17970.0,,,Traced,source annotation only; mechanical mapping unapproved,,,,
801761,146096,vnc_motor,ml,middle,Sternal posterior rotator MN,Sternal posterior rotator MN_R,R,,T2,MesoLN,12196.0,Sternal posterior rotator MN,49886.0,,,Traced,source annotation only; mechanical mapping unapproved,,,,
801768,146100,vnc_motor,ml,middle,Sternal posterior rotator MN,Sternal posterior rotator MN_L,L,,T2,MesoLN,15883.0,Sternal posterior rotator MN,49886.0,,,Traced,source annotation only; mechanical mapping unapproved,,,,
801813,146138,vnc_motor,ml,middle,Sternal anterior rotator MN,Sternal anterior rotator MN_R,R,,T2,MesoLN,102786.0,Sternal anterior rotator MN,16295.0,,,Traced,source annotation only; mechanical mapping unapproved,,,,
801815,146140,vnc_motor,wm,not a leg annotation,tpn MN,tpn MN_R,R,,T2,ADMN,11294.0,tpn MN,10543.0,,,Traced,source annotation only; mechanical mapping unapproved,,,,
801816,146141,vnc_motor,wm,not a leg annotation,DVMn 1a-c,DVMn 1a-c_R,R,,T2,ADMN,14898.0,DVMn 1a-c,10669.0,,,Traced,source annotation only; mechanical mapping unapproved,,,,
801824,146147,vnc_motor,fl,front,Tergopleural/Pleural promotor MN,Tergopleural/Pleural promotor MN_R,R,,T1,DProN,11706.0,Tergopleural/Pleural promotor MN,12628.0,,,Traced,source annotation only; mechanical mapping unapproved,,,,
801895,146198,vnc_motor,wm,not a leg annotation,DLMn c-f,DLMn c-f_L,L,,T1,PDMNa,10592.0,DLMn c-f,10014.0,,,Traced,source annotation only; mechanical mapping unapproved,,,,
801899,146200,vnc_motor,ad,not a leg annotation,MNad42,MNad42_R,R,,A1,AbN2,10782.0,MNad42,10460.0,,,Traced,source annotation only; mechanical mapping unapproved,,,,
801915,146211,vnc_motor,fl,front,Sternal posterior rotator MN,Sternal posterior rotator MN_L,L,,T1,ProAN,19667.0,Sternal posterior rotator MN,13942.0,,,Traced,source annotation only; mechanical mapping unapproved,,,,
801918,146214,vnc_motor,fl,front,Sternal anterior rotator MN,Sternal anterior rotator MN_R,R,,T1,VProN,13300.0,Sternal anterior rotator MN,,,,Traced,source annotation only; mechanical mapping unapproved,,,,
801932,146222,vnc_motor,hl,hind,,,R,,T3,MetaLN,12758.0,,,,,Traced,source annotation only; mechanical mapping unapproved,,,,
801933,146223,vnc_motor,hm,not a leg annotation,MNhm42,MNhm42_L,L,,T3,AbN1,10571.0,MNhm42,10571.0,,,Traced,source annotation only; mechanical mapping unapproved,,,,
801946,146235,vnc_motor,ml,middle,Sternal anterior rotator MN,Sternal anterior rotator MN_R,R,,T2,MesoLN,24669.0,Sternal anterior rotator MN,20119.0,,,Traced,source annotation only; mechanical mapping unapproved,,,,
801949,146237,vnc_motor,wm,not a leg annotation,tp2 MN,tp2 MN_L,L,,T2,ADMN,10270.0,tp2 MN,10270.0,,,Traced,source annotation only; mechanical mapping unapproved,,,,
801970,146254,vnc_motor,wm,not a leg annotation,"DLMn a, b","DLMn a, b_L",L,,T2,PDMNa,10074.0,"DLMn a, b",10074.0,,,Traced,source annotation only; mechanical mapping unapproved,,,,
801998,146274,vnc_motor,wm,not a leg annotation,DLMn c-f,DLMn c-f_R,R,,T1,PDMNa,10361.0,DLMn c-f,10014.0,,,Traced,source annotation only; mechanical mapping unapproved,,,,
802003,146279,vnc_motor,ad,not a leg annotation,MNad01,MNad01_L,L,,A3,AbN4,29602.0,MNad01,29602.0,,,Traced,source annotation only; mechanical mapping unapproved,,,,
802028,146301,vnc_motor,wm,not a leg annotation,tp1 MN,tp1 MN_R,R,,T2,ADMN,10778.0,tp1 MN,10521.0,,,Traced,source annotation only; mechanical mapping unapproved,,,,
802055,146317,vnc_motor,hm,not a leg annotation,hi2 MN,hi2 MN_R,R,,T3,AbN1,16222.0,hi2 MN,,,,Traced,source annotation only; mechanical mapping unapproved,,,,
802072,146327,vnc_motor,fl,front,Tergopleural/Pleural promotor MN,Tergopleural/Pleural promotor MN_R,R,,T1,DProN,12628.0,Tergopleural/Pleural promotor MN,12686.0,,,Traced,source annotation only; mechanical mapping unapproved,,,,
802114,146354,vnc_motor,ad,not a leg annotation,MNad66,MNad66_L,L,,A8,AbNT,12526.0,MNad66,10872.0,,,Traced,source annotation only; mechanical mapping unapproved,,,,
802116,146356,vnc_motor,ad,not a leg annotation,MNad65,MNad65_R,R,,A9,AbNT,10660.0,MNad65,10915.0,,,Traced,source annotation only; mechanical mapping unapproved,,,,
802120,146359,vnc_motor,wm,not a leg annotation,b3 MN,b3 MN_R,R,,T2,ADMN,10067.0,b3 MN,10055.0,,,Traced,source annotation only; mechanical mapping unapproved,,,,
802130,146366,vnc_motor,ad,not a leg annotation,MNad02,MNad02_L,L,,A2,AbN3,24225.0,MNad02,19693.0,,,Traced,source annotation only; mechanical mapping unapproved,,,,
802137,146371,vnc_motor,ad,not a leg annotation,MNad19,MNad19_L,L,,A5,AbN4,10753.0,MNad19,11768.0,,,Traced,source annotation only; mechanical mapping unapproved,,,,
802151,146380,vnc_motor,nm,not a leg annotation,MNnm03,MNnm03_R,R,,T1,DProN,45594.0,MNnm03,45594.0,,,Traced,source annotation only; mechanical mapping unapproved,,,,
802152,146381,vnc_motor,nm,not a leg annotation,MNnm08,MNnm08_R,R,,T1,DProN,11954.0,MNnm08,11059.0,,,Traced,source annotation only; mechanical mapping unapproved,,,,
802164,146389,vnc_motor,ad,not a leg annotation,MNad14,MNad14_L,L,,A5,AbN4,26635.0,MNad14,13486.0,,,Traced,source annotation only; mechanical mapping unapproved,,,,
802201,146418,vnc_motor,ad,not a leg annotation,MNad68,MNad68_R,R,,A9,AbNT,16631.0,MNad68,10527.0,,,Traced,source annotation only; mechanical mapping unapproved,,,,
802215,146428,vnc_motor,hl,hind,Sternal anterior rotator MN,Sternal anterior rotator MN,L,,T3,MetaLN,164741.0,Sternal anterior rotator MN,11562.0,,,Traced,source annotation only; mechanical mapping unapproved,,,,
802232,146439,vnc_motor,ml,middle,Tr flexor MN,Tr flexor MN_L,L,,T2,MesoLN,13817.0,Tr flexor MN,,,,Traced,source annotation only; mechanical mapping unapproved,,,,
802240,146446,vnc_motor,ad,not a leg annotation,MNad62,MNad62_L,L,,A8,AbNT,19919.0,MNad62,11549.0,,,Traced,source annotation only; mechanical mapping unapproved,,,,
802251,146454,vnc_motor,ad,not a leg annotation,MNad34,MNad34_L,L,,A1,AbN2,10787.0,MNad34,14095.0,,,Traced,source annotation only; mechanical mapping unapproved,,,,
802252,146455,vnc_motor,ad,not a leg annotation,MNad34,MNad34_R,R,,A1,AbN2,14095.0,MNad34,14095.0,,,Traced,source annotation only; mechanical mapping unapproved,,,,
802295,146483,vnc_motor,ml,middle,Ti flexor MN,Ti flexor MN_L,L,,T2,MesoLN,15623.0,Ti flexor MN,15623.0,,,Traced,source annotation only; mechanical mapping unapproved,,,,
802315,146497,vnc_motor,wm,not a leg annotation,tp1 MN,tp1 MN_L,L,,T2,ADMN,10521.0,tp1 MN,10521.0,,,Traced,source annotation only; mechanical mapping unapproved,,,,
802327,146505,vnc_motor,wm,not a leg annotation,iii3 MN,iii3 MN_R,R,,T2,MesoAN,10287.0,iii3 MN,10287.0,,,Traced,source annotation only; mechanical mapping unapproved,,,,
802361,146527,vnc_motor,fl,front,Sternotrochanter MN,Sternotrochanter MN_L,L,,T1,VProN,18579.0,Sternotrochanter MN,18006.0,,,Traced,source annotation only; mechanical mapping unapproved,,,,
802405,146565,vnc_motor,ad,not a leg annotation,MNad06,MNad06_L,L,,A3,AbN4,20425.0,MNad06,20425.0,,,Traced,source annotation only; mechanical mapping unapproved,,,,
802407,146567,vnc_motor,ml,middle,Sternotrochanter MN,Sternotrochanter MN_L,L,,T2,MesoLN,166392.0,Sternotrochanter MN,18716.0,,,Traced,source annotation only; mechanical mapping unapproved,,,,
802413,146573,vnc_motor,ad,not a leg annotation,MNad53,MNad53_L,L,,A9,AbNT,15615.0,MNad53,13836.0,,,Traced,source annotation only; mechanical mapping unapproved,,,,
802500,146641,vnc_motor,ad,not a leg annotation,MNad40,MNad40_R,R,,A1,AbN2,14613.0,MNad40,11638.0,,,Traced,source annotation only; mechanical mapping unapproved,,,,
802509,146646,vnc_motor,fl,front,Pleural remotor/abductor MN,Pleural remotor/abductor MN_L,L,,T1,ProAN,12096.0,Pleural remotor/abductor MN,16419.0,,,Traced,source annotation only; mechanical mapping unapproved,,,,
802521,146653,vnc_motor,ml,middle,Sternal posterior rotator MN,Sternal posterior rotator MN_R,R,,T2,MesoLN,10305.0,Sternal posterior rotator MN,,,,Traced,source annotation only; mechanical mapping unapproved,,,,
802544,146671,vnc_motor,wm,not a leg annotation,DLMn c-f,DLMn c-f_R,R,,T1,PDMNa,162240.0,DLMn c-f,10014.0,,,Traced,source annotation only; mechanical mapping unapproved,,,,
802552,146676,vnc_motor,fl,front,Tergotr. MN,Tergotr. MN_L,L,,T1,VProN,19652.0,Tergotr. MN,,,,Traced,source annotation only; mechanical mapping unapproved,,,,
802579,146698,vnc_motor,ad,not a leg annotation,MNad65,MNad65_L,L,,A9,AbNT,12975.0,MNad65,10915.0,,,Traced,source annotation only; mechanical mapping unapproved,,,,
802587,146704,vnc_motor,ad,not a leg annotation,MNad20,MNad20_R,R,,A8,AbNT,22418.0,MNad20,11232.0,,,Traced,source annotation only; mechanical mapping unapproved,,,,
802659,146757,vnc_motor,hm,not a leg annotation,MNhm03,MNhm03_R,R,,T3,AbN1,18566.0,MNhm03,10825.0,,,Traced,source annotation only; mechanical mapping unapproved,,,,
802690,146779,vnc_motor,ad,not a leg annotation,MNad30,MNad30_R,R,,A1,AbN2,17583.0,MNad30,16068.0,,,Traced,source annotation only; mechanical mapping unapproved,,,,
802731,146810,vnc_motor,hl,hind,MNhl59,MNhl59_L,L,,T3,MetaLN,11809.0,MNhl59,11809.0,,,Traced,source annotation only; mechanical mapping unapproved,,,,
802781,146849,vnc_motor,nm,not a leg annotation,MNnm08,MNnm08_L,L,,T1,DProN,11059.0,MNnm08,11059.0,,,Traced,source annotation only; mechanical mapping unapproved,,,,
802806,146867,vnc_motor,hm,not a leg annotation,MNhm03,MNhm03_L,L,,T3,AbN1,10825.0,MNhm03,10825.0,,,Traced,source annotation only; mechanical mapping unapproved,,,,
802835,146886,vnc_motor,wm,not a leg annotation,iii1 MN,iii1 MN_L,L,,T2,MesoAN,10614.0,iii1 MN,10129.0,,,Traced,source annotation only; mechanical mapping unapproved,,,,
802837,146888,vnc_motor,wm,not a leg annotation,ps2 MN,ps2 MN_R,R,,T2,MesoAN,11054.0,ps2 MN,10694.0,,,Traced,source annotation only; mechanical mapping unapproved,,,,
802864,146907,vnc_motor,ml,middle,Sternotrochanter MN,Sternotrochanter MN_R,R,,T2,MesoLN,11297.0,Sternotrochanter MN,19094.0,,,Traced,source annotation only; mechanical mapping unapproved,,,,
802907,146941,vnc_motor,ad,not a leg annotation,MNad23,MNad23_R,R,,A7,AbNT,10505.0,MNad23,10359.0,,,Traced,source annotation only; mechanical mapping unapproved,,,,
802923,146953,vnc_motor,nm,not a leg annotation,MNnm03,MNnm03_L,L,,T1,DProN,156960.0,MNnm03,45594.0,,,Traced,source annotation only; mechanical mapping unapproved,,,,
802937,146963,vnc_motor,ad,not a leg annotation,MNad63,MNad63_L,L,,A1,AbN2,11428.0,MNad63,11375.0,,,Traced,source annotation only; mechanical mapping unapproved,,,,
802954,146976,vnc_motor,ad,not a leg annotation,MNad53,MNad53_R,R,,A9,AbNT,10955.0,MNad53,13836.0,,,Traced,source annotation only; mechanical mapping unapproved,,,,
802964,146986,vnc_motor,hl,hind,Sternal posterior rotator MN,Sternal posterior rotator MN_L,L,,T3,MetaLN,15278.0,Sternal posterior rotator MN,,,,Traced,source annotation only; mechanical mapping unapproved,,,,
802980,146996,vnc_motor,ad,not a leg annotation,MNad63,MNad63_R,R,,A1,AbN2,11375.0,MNad63,11375.0,,,Traced,source annotation only; mechanical mapping unapproved,,,,
803010,147020,vnc_motor,ad,not a leg annotation,MNad17,MNad17_R,R,,A8,AbNT,23068.0,MNad17,12682.0,,,Traced,source annotation only; mechanical mapping unapproved,,,,
803013,147023,vnc_motor,wm,not a leg annotation,DLMn c-f,DLMn c-f_L,L,,T1,PDMNa,10892.0,DLMn c-f,10014.0,,,Traced,source annotation only; mechanical mapping unapproved,,,,
803047,147052,vnc_motor,ad,not a leg annotation,MNad15,MNad15_L,L,,A8,AbN4,102179.0,MNad15,12509.0,,,Traced,source annotation only; mechanical mapping unapproved,,,,
803048,147053,vnc_motor,wm,not a leg annotation,DLMn c-f,DLMn c-f_R,R,,T1,PDMNa,18309.0,DLMn c-f,10014.0,,,Traced,source annotation only; mechanical mapping unapproved,,,,
803070,147070,vnc_motor,ad,not a leg annotation,MNad16,MNad16_L,L,,A4,AbNT,27193.0,MNad16,12389.0,,,Traced,source annotation only; mechanical mapping unapproved,,,,
803072,147072,vnc_motor,hl,hind,Ti flexor MN,Ti flexor MN_R,R,,T3,MetaLN,18491.0,Ti flexor MN,12585.0,,,Traced,source annotation only; mechanical mapping unapproved,,,,
803086,147083,vnc_motor,ml,middle,MNml29,MNml29_L,L,,T2,MesoLN,19773.0,MNml29,12196.0,,,Traced,source annotation only; mechanical mapping unapproved,,,,
803100,147092,vnc_motor,wm,not a leg annotation,iii1 MN,iii1 MN_R,R,,T2,MesoAN,10129.0,iii1 MN,10129.0,,,Traced,source annotation only; mechanical mapping unapproved,,,,
803107,147098,vnc_motor,ad,not a leg annotation,MNad08,MNad08_L,L,,A5,AbN4,32543.0,MNad08,13242.0,,,Traced,source annotation only; mechanical mapping unapproved,,,,
803129,147116,vnc_motor,wm,not a leg annotation,DVMn 1a-c,DVMn 1a-c_R,R,,T2,ADMN,38723486729.0,DVMn 1a-c,10669.0,,,Traced,source annotation only; mechanical mapping unapproved,,,,
803147,147131,vnc_motor,hl,hind,Ti flexor MN,Ti flexor MN_L,L,,T3,MetaLN,176866.0,Ti flexor MN,,,,Traced,source annotation only; mechanical mapping unapproved,,,,
803215,147187,vnc_motor,hm,not a leg annotation,hDVM MN,hDVM MN_L,L,,T3,AbN1,14267.0,hDVM MN,14267.0,,,Traced,source annotation only; mechanical mapping unapproved,,,,
803226,147196,vnc_motor,ml,middle,Sternal posterior rotator MN,Sternal posterior rotator MN_L,L,,T2,MesoLN,49886.0,Sternal posterior rotator MN,49886.0,,,Traced,source annotation only; mechanical mapping unapproved,,,,
803237,147206,vnc_motor,fl,front,Tergotr. MN,Tergotr. MN_L,L,,T1,VProN,166309.0,Tergotr. MN,19443.0,,,Traced,source annotation only; mechanical mapping unapproved,,,,
803241,147210,vnc_motor,ad,not a leg annotation,MNad16,MNad16_R,R,,A4,AbNT,153863.0,MNad16,12389.0,,,Traced,source annotation only; mechanical mapping unapproved,,,,
803310,147263,vnc_motor,hm,not a leg annotation,MNhm43,MNhm43_L,L,,T3,AbN1,17216.0,MNhm43,17216.0,,,Traced,source annotation only; mechanical mapping unapproved,,,,
803314,147267,vnc_motor,fl,front,Pleural remotor/abductor MN,Pleural remotor/abductor MN_R,R,,T1,ProAN,16419.0,Pleural remotor/abductor MN,16419.0,,,Traced,source annotation only; mechanical mapping unapproved,,,,
803342,147292,vnc_motor,ad,not a leg annotation,MNad11,MNad11_L,L,,A4,AbN4,18692.0,MNad11,18692.0,,,Traced,source annotation only; mechanical mapping unapproved,,,,
803378,147316,vnc_motor,nm,not a leg annotation,MNnm11,MNnm11_R,R,,T1,DProN,23937.0,MNnm11,23937.0,,,Traced,source annotation only; mechanical mapping unapproved,,,,
803412,147340,vnc_motor,fl,front,Tr extensor MN,Tr extensor MN_L,L,,T1,ProAN,11657.0,Tr extensor MN,14536.0,,,Traced,source annotation only; mechanical mapping unapproved,,,,
803451,147371,vnc_motor,ad,not a leg annotation,MNad35,MNad35_L,L,,A1,AbN2,12756.0,MNad35,12529.0,,,Traced,source annotation only; mechanical mapping unapproved,,,,
803480,147394,vnc_motor,ml,middle,MNml82,MNml82_L,L,,T2,MesoLN,101909.0,MNml82,,,,Traced,source annotation only; mechanical mapping unapproved,,,,
803499,147405,vnc_motor,ml,middle,Pleural remotor/abductor MN,Pleural remotor/abductor MN_R,R,,T2,MesoLN,19206.0,Pleural remotor/abductor MN,17091.0,,,Traced,source annotation only; mechanical mapping unapproved,,,,
803523,147426,vnc_motor,ml,middle,ltm1-tibia MN,ltm1-tibia MN_R,R,,T2,MesoLN,19758.0,ltm1-tibia MN,,,,Traced,source annotation only; mechanical mapping unapproved,,,,
803524,147427,vnc_motor,ad,not a leg annotation,MNad15,MNad15_L,L,,A6,AbN4,16981.0,MNad15,13105.0,,,Traced,source annotation only; mechanical mapping unapproved,,,,
803558,147447,vnc_motor,nm,not a leg annotation,MNnm10,MNnm10_R,R,,T1,DProN,11033.0,MNnm10,11033.0,,,Traced,source annotation only; mechanical mapping unapproved,,,,
803562,147450,vnc_motor,ad,not a leg annotation,MNad06,MNad06_R,R,,A4,AbN4,25579.0,MNad06,14981.0,,,Traced,source annotation only; mechanical mapping unapproved,,,,
803582,147465,vnc_motor,nm,not a leg annotation,MNnm10,MNnm10_L,L,,T1,DProN,178721.0,MNnm10,11033.0,,,Traced,source annotation only; mechanical mapping unapproved,,,,
803589,147472,vnc_motor,wm,not a leg annotation,ps2 MN,ps2 MN_L,L,,T2,MesoAN,10694.0,ps2 MN,10694.0,,,Traced,source annotation only; mechanical mapping unapproved,,,,
803599,147481,vnc_motor,wm,not a leg annotation,"DVMn 2a, b","DVMn 2a, b_R",R,,T2,MesoAN,15098.0,"DVMn 2a, b",11663.0,,,Traced,source annotation only; mechanical mapping unapproved,,,,
803684,147548,vnc_motor,ad,not a leg annotation,MNad36,MNad36_R,R,,A1,AbN2,12225.0,MNad36,12225.0,,,Traced,source annotation only; mechanical mapping unapproved,,,,
803690,147553,vnc_motor,ad,not a leg annotation,MNad22,MNad22_L,L,,A7,AbNT,18864.0,MNad22,10383.0,,,Traced,source annotation only; mechanical mapping unapproved,,,,
803698,147557,vnc_motor,fl,front,Sternotrochanter MN,Sternotrochanter MN_R,R,,T1,VProN,13819.0,Sternotrochanter MN,20615.0,,,Traced,source annotation only; mechanical mapping unapproved,,,,
803704,147562,vnc_motor,ml,middle,Sternal posterior rotator MN,Sternal posterior rotator MN_L,L,,T2,MesoLN,154769.0,Sternal posterior rotator MN,,,,Traced,source annotation only; mechanical mapping unapproved,,,,
803709,147565,vnc_motor,ad,not a leg annotation,MNad15,MNad15_R,R,,A8,AbN4,11897.0,MNad15,12509.0,,,Traced,source annotation only; mechanical mapping unapproved,,,,
803717,147570,vnc_motor,ad,not a leg annotation,MNad35,MNad35_R,R,,A1,AbN2,12529.0,MNad35,12529.0,,,Traced,source annotation only; mechanical mapping unapproved,,,,
803732,147581,vnc_motor,ad,not a leg annotation,MNad03,MNad03_R,R,,A4,AbN4,13219.0,MNad03,18060.0,,,Traced,source annotation only; mechanical mapping unapproved,,,,
803765,147610,vnc_motor,nm,not a leg annotation,MNnm09,MNnm09_R,R,,T1,DProN,24149.0,MNnm09,12603.0,,,Traced,source annotation only; mechanical mapping unapproved,,,,
803803,147641,vnc_motor,fl,front,Pleural remotor/abductor MN,Pleural remotor/abductor MN_L,L,,T1,ProAN,13628.0,Pleural remotor/abductor MN,13628.0,,,Traced,source annotation only; mechanical mapping unapproved,,,,
803804,147642,vnc_motor,ad,not a leg annotation,MNad14,MNad14_R,R,,A4,AbN4,16367.0,MNad14,13547.0,,,Traced,source annotation only; mechanical mapping unapproved,,,,
803813,147649,vnc_motor,ad,not a leg annotation,MNad36,MNad36_L,L,,A1,AbN2,12506.0,MNad36,12225.0,,,Traced,source annotation only; mechanical mapping unapproved,,,,
803829,147661,vnc_motor,ml,middle,Tr flexor MN,Tr flexor MN_L,L,,T2,MesoLN,23364.0,Tr flexor MN,,,,Traced,source annotation only; mechanical mapping unapproved,,,,
803830,147662,vnc_motor,fl,front,Fe reductor MN,Fe reductor MN_R,R,,T1,ProLN,24050.0,Fe reductor MN,14949.0,,,Traced,source annotation only; mechanical mapping unapproved,,,,
803891,147710,vnc_motor,wm,not a leg annotation,hg2 MN,hg2 MN_R,R,,T2,ADMN,12927.0,hg2 MN,12927.0,,,Traced,source annotation only; mechanical mapping unapproved,,,,
803904,147721,vnc_motor,ad,not a leg annotation,MNad10,MNad10_L,L,,A3,AbN4,20611.0,MNad10,14469.0,Looks like MNad10 but no A3 pair identified in MANC,,Traced,source annotation only; mechanical mapping unapproved,,,,
803912,147727,vnc_motor,ad,not a leg annotation,MNad10,MNad10_R,R,,A3,AbN4,27651.0,MNad10,14469.0,Looks like MNad10 but no A3 pair identified in MANC,,Traced,source annotation only; mechanical mapping unapproved,,,,
803946,147755,vnc_motor,ad,not a leg annotation,MNad10,MNad10_L,L,,A2,AbN4,14602.0,MNad10,14469.0,,,Traced,source annotation only; mechanical mapping unapproved,,,,
803982,147785,vnc_motor,wm,not a leg annotation,"DVMn 2a, b","DVMn 2a, b_L",L,,T2,MesoAN,11663.0,"DVMn 2a, b",11663.0,,,Traced,source annotation only; mechanical mapping unapproved,,,,
803992,147794,vnc_motor,ad,not a leg annotation,MNad14,MNad14_L,L,,A3,AbN4,12810.0,MNad14,12810.0,,,Traced,source annotation only; mechanical mapping unapproved,,,,
804023,147821,vnc_motor,ad,not a leg annotation,MNad61,MNad61_R,R,,A8,AbNT,13418.0,MNad61,12499.0,,,Traced,source annotation only; mechanical mapping unapproved,,,,
804025,147823,vnc_motor,ml,middle,Fe reductor MN,Fe reductor MN_L,L,,T2,MesoLN,29187.0,Fe reductor MN,16552.0,,,Traced,source annotation only; mechanical mapping unapproved,,,,
804078,147867,vnc_motor,hl,hind,MNhl29,MNhl29_L,L,,T3,MetaLN,102123.0,MNhl29,14649.0,,,Traced,source annotation only; mechanical mapping unapproved,,,,
804107,147889,vnc_motor,wm,not a leg annotation,iii3 MN,iii3 MN_L,L,,T2,MesoAN,100725.0,iii3 MN,10287.0,,,Traced,source annotation only; mechanical mapping unapproved,,,,
804119,147900,vnc_motor,ad,not a leg annotation,MNad53,MNad53_L,L,,A9,AbNT,16616.0,MNad53,13836.0,,,Traced,source annotation only; mechanical mapping unapproved,,,,
804131,147907,vnc_motor,wm,not a leg annotation,hg2 MN,hg2 MN_L,L,,T2,ADMN,22584.0,hg2 MN,12927.0,,,Traced,source annotation only; mechanical mapping unapproved,,,,
804173,147942,vnc_motor,ad,not a leg annotation,MNad10,MNad10_R,R,,A2,AbN4,14469.0,MNad10,14469.0,,,Traced,source annotation only; mechanical mapping unapproved,,,,
804180,147949,vnc_motor,ad,not a leg annotation,MNad14,MNad14_R,R,,A2,AbN3,15534.0,MNad14,12802.0,,,Traced,source annotation only; mechanical mapping unapproved,,,,
804195,147964,vnc_motor,ad,not a leg annotation,MNad14,MNad14_L,L,,A4,AbN4,13547.0,MNad14,13547.0,,,Traced,source annotation only; mechanical mapping unapproved,,,,
804245,148002,vnc_motor,nm,not a leg annotation,FNM2,FNM2_R,R,,T1,DProN,14079.0,FNM2,14079.0,,,Traced,source annotation only; mechanical mapping unapproved,,,,
804257,148012,vnc_motor,fl,front,Ti extensor MN,Ti extensor MN_R,R,,T1,ProLN,13115.0,Ti extensor MN,11657.0,,,Traced,source annotation only; mechanical mapping unapproved,,,,
804301,148045,vnc_motor,wm,not a leg annotation,b1 MN,b1 MN_R,R,,T2,ADMN,10017.0,b1 MN,10013.0,,,Traced,source annotation only; mechanical mapping unapproved,,,,
804326,148061,vnc_motor,ad,not a leg annotation,MNad14,MNad14_L,L,,A2,AbN3,12802.0,MNad14,12802.0,,,Traced,source annotation only; mechanical mapping unapproved,,,,
804343,148074,vnc_motor,nm,not a leg annotation,ADNM2 MN,ADNM2 MN_L,L,,T1,CvN,14549.0,ADNM2,14549.0,,,Traced,source annotation only; mechanical mapping unapproved,,,,
804371,148096,vnc_motor,ad,not a leg annotation,MNad22,MNad22_L,L,,A6,AbNT,19003.0,MNad22,11242.0,,,Traced,source annotation only; mechanical mapping unapproved,,,,
804398,148119,vnc_motor,ad,not a leg annotation,MNad14,MNad14_R,R,,A3,AbN4,16431.0,MNad14,12810.0,,,Traced,source annotation only; mechanical mapping unapproved,,,,
804405,148126,vnc_motor,ml,middle,Ti flexor MN,Ti flexor MN_R,R,,T2,MesoLN,192299.0,Ti flexor MN,15623.0,,,Traced,source annotation only; mechanical mapping unapproved,,,,
804445,148162,vnc_motor,ad,not a leg annotation,MNad14,MNad14_R,R,,A5,AbN4,13887.0,MNad14,13486.0,,,Traced,source annotation only; mechanical mapping unapproved,,,,
804465,148179,vnc_motor,fl,front,Tergotr. MN,Tergotr. MN_L,L,,T1,VProN,21753.0,Tergotr. MN,,,,Traced,source annotation only; mechanical mapping unapproved,,,,
804514,148222,vnc_motor,hl,hind,Tergotr. MN,Tergotr. MN_L,L,,T3,AbN1,159762.0,Tergotr. MN,13434.0,,,Traced,source annotation only; mechanical mapping unapproved,,,,
804625,148307,vnc_motor,ad,not a leg annotation,MNad22,MNad22_R,R,,A6,AbNT,11545.0,MNad22,11242.0,,,Traced,source annotation only; mechanical mapping unapproved,,,,
804642,148322,vnc_motor,wm,not a leg annotation,TTMn,TTMn_L,L,,T2,PDMNp,10068.0,TTMn,10068.0,,,Traced,source annotation only; mechanical mapping unapproved,,,,
804741,148401,vnc_motor,hl,hind,ltm1-tibia MN,ltm1-tibia MN_R,R,,T3,MetaLN,10811.0,ltm1-tibia MN,10811.0,,,Traced,source annotation only; mechanical mapping unapproved,,,,
804775,148430,vnc_motor,ad,not a leg annotation,MNad20,MNad20_L,L,,A8,AbNT,19567.0,MNad20,11232.0,,,Traced,source annotation only; mechanical mapping unapproved,,,,
804847,148483,vnc_motor,hl,hind,MNhl88,MNhl88_L,L,,T3,MetaLN,17905.0,MNhl88,13883.0,,,Traced,source annotation only; mechanical mapping unapproved,,,,
804851,148487,vnc_motor,fl,front,Sternal posterior rotator MN,Sternal posterior rotator MN_L,L,,T1,ProAN,17546.0,Sternal posterior rotator MN,24747.0,,,Traced,source annotation only; mechanical mapping unapproved,,,,
804860,148496,vnc_motor,ad,not a leg annotation,MNad26,MNad26_L,L,,T3,AbN1,13717.0,MNad26,13298.0,,,Traced,source annotation only; mechanical mapping unapproved,,,,
804866,148500,vnc_motor,fl,front,Tergotr. MN,Tergotr. MN_R,R,,T1,VProN,19443.0,Tergotr. MN,,,,Traced,source annotation only; mechanical mapping unapproved,,,,
804919,148545,vnc_motor,hl,hind,Ti flexor MN,Ti flexor MN_L,L,,T3,MetaLN,176866.0,Ti flexor MN,12585.0,,,Traced,source annotation only; mechanical mapping unapproved,,,,
804941,148560,vnc_motor,fl,front,Fe reductor MN,Fe reductor MN_L,L,,T1,ProLN,156857.0,Fe reductor MN,,,,Traced,source annotation only; mechanical mapping unapproved,,,,
804966,148579,vnc_motor,ad,not a leg annotation,MNad10,MNad10_L,L,,A1,AbN3,13480.0,MNad10,13480.0,,,Traced,source annotation only; mechanical mapping unapproved,,,,
804992,148600,vnc_motor,ad,not a leg annotation,"MNad18,MNad27","MNad18,MNad27_L",L,,A2,AbN3,12209.0,"MNad18,MNad27",,,,Traced,source annotation only; mechanical mapping unapproved,,,,
805010,148616,vnc_motor,ml,middle,Ti flexor MN,Ti flexor MN_R,R,,T2,MesoLN,13280.0,Ti flexor MN,,,,Traced,source annotation only; mechanical mapping unapproved,,,,
805067,148657,vnc_motor,ad,not a leg annotation,MNad08,MNad08_R,R,,A5,AbN4,21781.0,MNad08,13242.0,,,Traced,source annotation only; mechanical mapping unapproved,,,,
805107,148690,vnc_motor,ad,not a leg annotation,MNad10,MNad10_R,R,,A1,AbN3,14123.0,MNad10,13480.0,,,Traced,source annotation only; mechanical mapping unapproved,,,,
805137,148714,vnc_motor,hm,not a leg annotation,hi1 MN,hi1 MN_R,R,,T3,AbN1,17022.0,hi1 MN,17022.0,,,Traced,source annotation only; mechanical mapping unapproved,,,,
805165,148737,vnc_motor,wm,not a leg annotation,"DVMn 3a, b","DVMn 3a, b_L",L,,T1,PDMNa,13228.0,"DVMn 3a, b",11776.0,,,Traced,source annotation only; mechanical mapping unapproved,,,,
805255,148810,vnc_motor,ad,not a leg annotation,MNad32,MNad32_L,L,,A1,AbN2,14461.0,MNad32,14461.0,,,Traced,source annotation only; mechanical mapping unapproved,,,,
805309,148853,vnc_motor,fl,front,ltm2-femur MN,ltm2-femur MN_L,L,,T1,ProLN,20612.0,ltm2-femur MN,,,,Traced,source annotation only; mechanical mapping unapproved,,,,
805313,148857,vnc_motor,fl,front,Pleural remotor/abductor MN,Pleural remotor/abductor MN_R,R,,T1,ProAN,21241.0,Pleural remotor/abductor MN,13628.0,,,Traced,source annotation only; mechanical mapping unapproved,,,,
805326,148868,vnc_motor,ad,not a leg annotation,MNad32,MNad32_R,R,,A1,AbN2,17500.0,MNad32,14461.0,,,Traced,source annotation only; mechanical mapping unapproved,,,,
805410,148940,vnc_motor,fl,front,Sternal posterior rotator MN,Sternal posterior rotator MN_R,R,,T1,ProAN,13942.0,Sternal posterior rotator MN,25767.0,,,Traced,source annotation only; mechanical mapping unapproved,,,,
805477,148995,vnc_motor,ml,middle,Tr extensor MN,Tr extensor MN_L,L,,T2,MesoLN,13904.0,Tr extensor MN,13904.0,,,Traced,source annotation only; mechanical mapping unapproved,,,,
805511,149026,vnc_motor,ad,not a leg annotation,MNad33,MNad33_R,R,,A1,AbN2,14341.0,MNad33,14341.0,,,Traced,source annotation only; mechanical mapping unapproved,,,,
805568,149076,vnc_motor,ml,middle,Acc. ti flexor MN,Acc. ti flexor MN_R,R,,T2,MesoLN,24443.0,Acc. ti flexor MN,,,,Traced,source annotation only; mechanical mapping unapproved,,,,
805577,149083,vnc_motor,ad,not a leg annotation,MNad02,MNad02_R,R,,A5,AbN4,18215.0,MNad02,25810.0,,,Traced,source annotation only; mechanical mapping unapproved,,,,
805598,149100,vnc_motor,fl,front,Fe reductor MN,Fe reductor MN_L,L,,T1,ProLN,21944.0,Fe reductor MN,,,,Traced,source annotation only; mechanical mapping unapproved,,,,
805630,149129,vnc_motor,ad,not a leg annotation,MNad17,MNad17_L,L,,A10,AbNT,,MNad17,,,,Traced,source annotation only; mechanical mapping unapproved,,,,
805634,149132,vnc_motor,ad,not a leg annotation,MNad05,MNad05_R,R,,A3,AbN4,20115.0,MNad05,,,,Traced,source annotation only; mechanical mapping unapproved,,,,
805647,149142,vnc_motor,ad,not a leg annotation,MNad23,MNad23_L,L,,A7,AbNT,10359.0,MNad23,10359.0,,,Traced,source annotation only; mechanical mapping unapproved,,,,
805690,149173,vnc_motor,ad,not a leg annotation,MNad26,MNad26_R,R,,T3,AbN1,13298.0,MNad26,13298.0,,,Traced,source annotation only; mechanical mapping unapproved,,,,
805741,149217,vnc_motor,fl,front,Tergotr. MN,Tergotr. MN_L,L,,T1,VProN,155633.0,Tergotr. MN,,,,Traced,source annotation only; mechanical mapping unapproved,,,,
805745,149220,vnc_motor,fl,front,Tergopleural/Pleural promotor MN,Tergopleural/Pleural promotor MN_R,R,,T1,DProN,20386.0,Tergopleural/Pleural promotor MN,12396.0,,,Traced,source annotation only; mechanical mapping unapproved,,,,
805757,149230,vnc_motor,ad,not a leg annotation,MNad11,MNad11_L,L,,A2,AbN3,13403.0,MNad11,13403.0,,,Traced,source annotation only; mechanical mapping unapproved,,,,
805776,149243,vnc_motor,ad,not a leg annotation,MNad06,MNad06_L,L,,A2,AbN4,18674.0,MNad06,15354.0,,,Traced,source annotation only; mechanical mapping unapproved,,,,
805790,149256,vnc_motor,ad,not a leg annotation,MNad46,MNad46_R,R,,A1,AbN2,,MNad46,16278.0,,,Traced,source annotation only; mechanical mapping unapproved,,,,
805797,149261,vnc_motor,ad,not a leg annotation,MNad06,MNad06_L,L,,A1,AbN3,14211.0,MNad06,14211.0,,,Traced,source annotation only; mechanical mapping unapproved,,,,
805842,149300,vnc_motor,ad,not a leg annotation,MNad44,MNad44_L,L,,A2,AbN3,16956.0,MNad44,16949.0,,,Traced,source annotation only; mechanical mapping unapproved,,,,
805879,149330,vnc_motor,ad,not a leg annotation,MNad17,MNad17_L,L,,A10,AbNT,14233.0,MNad17,,,,Traced,source annotation only; mechanical mapping unapproved,,,,
805881,149332,vnc_motor,ad,not a leg annotation,MNad05,MNad05_L,L,,A3,AbN4,17645.0,MNad05,,,,Traced,source annotation only; mechanical mapping unapproved,,,,
805974,149407,vnc_motor,ad,not a leg annotation,MNad05,MNad05_L,L,,A2,AbN4,17179.0,MNad05,14902.0,,,Traced,source annotation only; mechanical mapping unapproved,,,,
805980,149412,vnc_motor,ad,not a leg annotation,MNad07,MNad07_R,R,,A5,AbN4,22139.0,MNad07,13929.0,,,Traced,source annotation only; mechanical mapping unapproved,,,,
806008,149433,vnc_motor,ad,not a leg annotation,MNad02,MNad02_L,L,,A5,AbN4,22164.0,MNad02,25810.0,,,Traced,source annotation only; mechanical mapping unapproved,,,,
806014,149438,vnc_motor,ad,not a leg annotation,MNad46,MNad46_L,L,,A1,AbN2,16278.0,MNad46,16278.0,,,Traced,source annotation only; mechanical mapping unapproved,,,,
806037,149459,vnc_motor,ad,not a leg annotation,MNad06,MNad06_R,R,,A2,AbN4,15354.0,MNad06,15354.0,,,Traced,source annotation only; mechanical mapping unapproved,,,,
806047,149467,vnc_motor,ad,not a leg annotation,MNad17,MNad17_R,R,,A10,AbNT,12646.0,MNad17,,,,Traced,source annotation only; mechanical mapping unapproved,,,,
806061,149481,vnc_motor,ad,not a leg annotation,MNad11,MNad11_L,L,,A3,AbN4,13999.0,MNad11,13999.0,,,Traced,source annotation only; mechanical mapping unapproved,,,,
806094,149508,vnc_motor,ad,not a leg annotation,MNad08,MNad08_R,R,,A3,AbN4,15846.0,MNad08,15846.0,,,Traced,source annotation only; mechanical mapping unapproved,,,,
806124,149532,vnc_motor,ad,not a leg annotation,MNad08,MNad08_R,R,,A2,AbN4,13899.0,MNad08,13671.0,,,Traced,source annotation only; mechanical mapping unapproved,,,,
806144,149548,vnc_motor,ad,not a leg annotation,MNad11,MNad11_R,R,,A3,AbN4,14008.0,MNad11,13999.0,,,Traced,source annotation only; mechanical mapping unapproved,,,,
806161,149558,vnc_motor,ad,not a leg annotation,MNad24,MNad24_L,L,,A1,AbN2,14871.0,MNad24,14871.0,,,Traced,source annotation only; mechanical mapping unapproved,,,,
806204,149595,vnc_motor,ml,middle,Tergotr. MN,Tergotr. MN_R,R,,T2,MesoLN,175327.0,Tergotr. MN,15107.0,,,Traced,source annotation only; mechanical mapping unapproved,,,,
806253,149635,vnc_motor,ad,not a leg annotation,MNad11,MNad11_R,R,,A2,AbN3,13579.0,MNad11,13403.0,,,Traced,source annotation only; mechanical mapping unapproved,,,,
806281,149661,vnc_motor,ad,not a leg annotation,MNad06,MNad06_R,R,,A3,AbN4,101706.0,MNad06,20425.0,,,Traced,source annotation only; mechanical mapping unapproved,,,,
806302,149679,vnc_motor,ad,not a leg annotation,MNad08,MNad08_L,L,,A2,AbN4,13671.0,MNad08,13671.0,,,Traced,source annotation only; mechanical mapping unapproved,,,,
806355,149719,vnc_motor,ad,not a leg annotation,MNad08,MNad08_L,L,,A3,AbN4,18989.0,MNad08,15846.0,,,Traced,source annotation only; mechanical mapping unapproved,,,,
806403,149760,vnc_motor,nm,not a leg annotation,MNnm14,MNnm14_R,R,,T1,DProN,15049.0,MNnm14,15049.0,,,Traced,source annotation only; mechanical mapping unapproved,,,,
806427,149783,vnc_motor,ad,not a leg annotation,MNad11,MNad11_R,R,,A4,AbN4,19486.0,MNad11,18692.0,,,Traced,source annotation only; mechanical mapping unapproved,,,,
806489,149833,vnc_motor,nm,not a leg annotation,MNnm14,MNnm14_L,L,,T1,DProN,153756.0,MNnm14,15049.0,,,Traced,source annotation only; mechanical mapping unapproved,,,,
806561,149894,vnc_motor,ad,not a leg annotation,MNad24,MNad24_R,R,,A1,AbN2,15481.0,MNad24,14871.0,,,Traced,source annotation only; mechanical mapping unapproved,,,,
806599,149927,vnc_motor,fl,front,Acc. ti flexor MN,Acc. ti flexor MN_L,L,,T1,ProLN,101043.0,Acc. ti flexor MN,,,,Traced,source annotation only; mechanical mapping unapproved,,,,
806601,149929,vnc_motor,ad,not a leg annotation,MNad69,MNad69_R,R,,A10,AbNT,17576.0,MNad69,10524.0,,,Traced,source annotation only; mechanical mapping unapproved,,,,
806620,149947,vnc_motor,ad,not a leg annotation,MNad06,MNad06_R,R,,A1,AbN3,15388.0,MNad06,14211.0,,,Traced,source annotation only; mechanical mapping unapproved,,,,
806643,149967,vnc_motor,ad,not a leg annotation,MNad05,MNad05_L,L,,A4,AbN4,11540.0,MNad05,,,,Traced,source annotation only; mechanical mapping unapproved,,,,
806671,149991,vnc_motor,ad,not a leg annotation,MNad02,MNad02_R,R,,A6,AbN4,13719.0,MNad02,18503.0,,,Traced,source annotation only; mechanical mapping unapproved,,,,
806679,149999,vnc_motor,ad,not a leg annotation,MNad12,MNad12_L,L,,A9,AbNT,14787.0,MNad12,14233.0,,,Traced,source annotation only; mechanical mapping unapproved,,,,
806689,150007,vnc_motor,ad,not a leg annotation,MNad09,MNad09_R,R,,A7,AbNT,14859.0,MNad09,13182.0,,,Traced,source annotation only; mechanical mapping unapproved,,,,
806754,150066,vnc_motor,ad,not a leg annotation,MNad31,MNad31_L,L,,A1,AbN2,15561.0,MNad31,15215.0,,,Traced,source annotation only; mechanical mapping unapproved,,,,
806779,150087,vnc_motor,ad,not a leg annotation,MNad09,MNad09_L,L,,A7,AbNT,14883.0,MNad09,13182.0,,,Traced,source annotation only; mechanical mapping unapproved,,,,
806817,150116,vnc_motor,ad,not a leg annotation,MNad11,MNad11_L,L,,A5,AbN4,27083.0,MNad11,13878.0,,,Traced,source annotation only; mechanical mapping unapproved,,,,
806837,150134,vnc_motor,ad,not a leg annotation,MNad47,MNad47_L,L,,A1,AbN2,15937.0,MNad47,15937.0,,,Traced,source annotation only; mechanical mapping unapproved,,,,
806898,150187,vnc_motor,fl,front,Fe reductor MN,Fe reductor MN_R,R,,T1,ProLN,18983.0,Fe reductor MN,,,,Traced,source annotation only; mechanical mapping unapproved,,,,
806902,150191,vnc_motor,ad,not a leg annotation,MNad44,MNad44_R,R,,A2,AbN3,16949.0,MNad44,16949.0,,,Traced,source annotation only; mechanical mapping unapproved,,,,
806923,150208,vnc_motor,fl,front,Sternal anterior rotator MN,Sternal anterior rotator MN_L,L,,T1,VProN,26566.0,Sternal anterior rotator MN,,,,Traced,source annotation only; mechanical mapping unapproved,,,,
806943,150227,vnc_motor,ad,not a leg annotation,MNad47,MNad47_R,R,,A1,AbN2,17100.0,MNad47,15937.0,,,Traced,source annotation only; mechanical mapping unapproved,,,,
807010,150283,vnc_motor,ad,not a leg annotation,MNad02,MNad02_R,R,,A3,AbN4,19824.0,MNad02,17319.0,,,Traced,source annotation only; mechanical mapping unapproved,,,,
807075,150339,vnc_motor,ad,not a leg annotation,MNad02,MNad02_L,L,,A3,AbN4,17319.0,MNad02,17319.0,,,Traced,source annotation only; mechanical mapping unapproved,,,,
807144,150387,vnc_motor,ad,not a leg annotation,MNad02,MNad02_L,L,,A6,AbN4,18692.0,MNad02,18503.0,,,Traced,source annotation only; mechanical mapping unapproved,,,,
807160,150398,vnc_motor,hl,hind,MNhl01,MNhl01_L,L,,T3,AbN1,221983.0,MNhl01,15735.0,,,Traced,source annotation only; mechanical mapping unapproved,,,,
807165,150402,vnc_motor,fl,front,Ti flexor MN,Ti flexor MN_L,L,,T1,ProLN,12134.0,Ti flexor MN,,,,Traced,source annotation only; mechanical mapping unapproved,,,,
807176,150412,vnc_motor,ad,not a leg annotation,MNad28,MNad28_R,R,,T3,AbN1,17160.0,MNad28,15523.0,,,Traced,source annotation only; mechanical mapping unapproved,,,,
807281,150502,vnc_motor,fl,front,Tergopleural/Pleural promotor MN,Tergopleural/Pleural promotor MN_L,L,,T1,DProN,12396.0,Tergopleural/Pleural promotor MN,12396.0,,,Traced,source annotation only; mechanical mapping unapproved,,,,
807312,150527,vnc_motor,ad,not a leg annotation,MNad56,MNad56_L,L,,A1,AbN3,13797.0,MNad56,13725.0,,,Traced,source annotation only; mechanical mapping unapproved,,,,
807368,150579,vnc_motor,ad,not a leg annotation,MNad28,MNad28_L,L,,T3,AbN1,15523.0,MNad28,15523.0,,,Traced,source annotation only; mechanical mapping unapproved,,,,
807395,150600,vnc_motor,ml,middle,MNml29,MNml29_R,R,,T2,MesoLN,104697.0,MNml29,12196.0,,,Traced,source annotation only; mechanical mapping unapproved,,,,
807396,150601,vnc_motor,ad,not a leg annotation,MNad56,MNad56_R,R,,A1,AbN3,13725.0,MNad56,13725.0,,,Traced,source annotation only; mechanical mapping unapproved,,,,
807401,150606,vnc_motor,ad,not a leg annotation,MNad01,MNad01_R,R,,A2,AbN4,20052.0,MNad01,20052.0,,,Traced,source annotation only; mechanical mapping unapproved,,,,
807464,150658,vnc_motor,ad,not a leg annotation,MNad02,MNad02_L,L,,A1,AbN2,17719.0,MNad02,17719.0,,,Traced,source annotation only; mechanical mapping unapproved,,,,
807569,150750,vnc_motor,ad,not a leg annotation,MNad31,MNad31_R,R,,A1,AbN2,15215.0,MNad31,15215.0,,,Traced,source annotation only; mechanical mapping unapproved,,,,
807594,150769,vnc_motor,ad,not a leg annotation,MNad01,MNad01_L,L,,A2,AbN4,21022.0,MNad01,20052.0,,,Traced,source annotation only; mechanical mapping unapproved,,,,
807638,150804,vnc_motor,ad,not a leg annotation,MNad02,MNad02_R,R,,A1,AbN2,18551.0,MNad02,17719.0,,,Traced,source annotation only; mechanical mapping unapproved,,,,
807640,150806,vnc_motor,hl,hind,Tr flexor MN,Tr flexor MN_R,R,,T3,MetaLN,28997.0,Tr flexor MN,,,,Traced,source annotation only; mechanical mapping unapproved,,,,
807649,150813,vnc_motor,ad,not a leg annotation,MNad11,MNad11_R,R,,A5,AbN4,,MNad11,13878.0,,,Traced,source annotation only; mechanical mapping unapproved,,,,
807681,150842,vnc_motor,ad,not a leg annotation,MNad16,MNad16_L,L,,A3,AbN4,17894.0,MNad16,17894.0,,,Traced,source annotation only; mechanical mapping unapproved,,,,
807694,150853,vnc_motor,ad,not a leg annotation,MNad16,MNad16_R,R,,A3,AbN4,27105.0,MNad16,17894.0,,,Traced,source annotation only; mechanical mapping unapproved,,,,
807713,150869,vnc_motor,ad,not a leg annotation,MNad02,MNad02_R,R,,A4,AbN4,19924.0,MNad02,20115.0,,,Traced,source annotation only; mechanical mapping unapproved,,,,
807784,150929,vnc_motor,hm,not a leg annotation,hi2 MN,hi2 MN_L,L,,T3,AbN1,,hi2 MN,,,,Traced,source annotation only; mechanical mapping unapproved,,,,
807799,150943,vnc_motor,wm,not a leg annotation,"DVMn 2a, b","DVMn 2a, b_L",L,,T2,MesoAN,16559.0,"DVMn 2a, b",11663.0,,,Traced,source annotation only; mechanical mapping unapproved,,,,
807813,150954,vnc_motor,ad,not a leg annotation,MNad45,MNad45_L,L,,A1,AbN2,16728.0,MNad45,16728.0,,,Traced,source annotation only; mechanical mapping unapproved,,,,
807837,150974,vnc_motor,ad,not a leg annotation,MNad43,MNad43_L,L,,A1,AbN3,17391.0,MNad43,17391.0,,,Traced,source annotation only; mechanical mapping unapproved,,,,
807838,150975,vnc_motor,ad,not a leg annotation,MNad02,MNad02_R,R,,A2,AbN3,19693.0,MNad02,19693.0,,,Traced,source annotation only; mechanical mapping unapproved,,,,
807854,150987,vnc_motor,hl,hind,Sternal adductor MN,Sternal adductor MN_R,R,,T3,MetaLN,20667.0,Sternal adductor MN,,,,Traced,source annotation only; mechanical mapping unapproved,,,,
807870,151001,vnc_motor,ad,not a leg annotation,MNad16,MNad16_L,L,,A1,AbN3,15296.0,MNad16,15296.0,,,Traced,source annotation only; mechanical mapping unapproved,,,,
807873,151003,vnc_motor,fl,front,Acc. tr flexor MN,Acc. tr flexor MN_R,R,,T1,ProAN,16400.0,Acc. tr flexor MN,,,,Traced,source annotation only; mechanical mapping unapproved,,,,
807899,151025,vnc_motor,ad,not a leg annotation,MNad05,MNad05_R,R,,A4,AbN4,21983.0,MNad05,,,,Traced,source annotation only; mechanical mapping unapproved,,,,
807906,151030,vnc_motor,fl,front,Tr extensor MN,Tr extensor MN_L,L,,T1,ProLN,19929.0,Tr extensor MN,19929.0,,,Traced,source annotation only; mechanical mapping unapproved,,,,
807924,151046,vnc_motor,wm,not a leg annotation,"DVMn 2a, b","DVMn 2a, b_R",R,,T2,MesoAN,15783.0,"DVMn 2a, b",11663.0,,,Traced,source annotation only; mechanical mapping unapproved,,,,
807945,151065,vnc_motor,ad,not a leg annotation,MNad17,MNad17_L,L,,A10,AbNT,18918.0,MNad17,,,,Traced,source annotation only; mechanical mapping unapproved,,,,
807972,151091,vnc_motor,ml,middle,ltm2-femur MN,ltm2-femur MN_L,L,,T2,MesoLN,24725.0,ltm2-femur MN,,,,Traced,source annotation only; mechanical mapping unapproved,,,,
807987,151104,vnc_motor,wm,not a leg annotation,,,R,,T2,MesoAN,,,,biological variability mcns,,Traced,source annotation only; mechanical mapping unapproved,,,,
808011,151126,vnc_motor,fl,front,Sternal posterior rotator MN,Sternal posterior rotator MN_R,R,,T1,ProAN,21241.0,Sternal posterior rotator MN,21241.0,,,Traced,source annotation only; mechanical mapping unapproved,,,,
808101,151199,vnc_motor,ad,not a leg annotation,MNad01,MNad01_R,R,,A3,AbN4,155854.0,MNad01,29602.0,,,Traced,source annotation only; mechanical mapping unapproved,,,,
808134,151224,vnc_motor,ad,not a leg annotation,MNad01,MNad01_R,R,,A1,AbN3,18939.0,MNad01,18939.0,,,Traced,source annotation only; mechanical mapping unapproved,,,,
808208,151288,vnc_motor,ad,not a leg annotation,MNad02,MNad02_L,L,,A4,AbN4,17683.0,MNad02,20115.0,,,Traced,source annotation only; mechanical mapping unapproved,,,,
808250,151317,vnc_motor,ad,not a leg annotation,MNad53,MNad53_R,R,,A9,AbNT,15202.0,MNad53,13836.0,,,Traced,source annotation only; mechanical mapping unapproved,,,,
808453,151481,vnc_motor,hl,hind,Tr extensor MN,Tr extensor MN_R,R,,T3,MetaLN,10866.0,Tr extensor MN,10866.0,,,Traced,source annotation only; mechanical mapping unapproved,,,,
808464,151488,vnc_motor,ad,not a leg annotation,MNad57,MNad57_R,R,,A8,AbNT,156136.0,MNad57,13392.0,,,Traced,source annotation only; mechanical mapping unapproved,,,,
808532,151547,vnc_motor,ad,not a leg annotation,MNad01,MNad01_L,L,,A4,AbN4,23505.0,MNad01,13188.0,,,Traced,source annotation only; mechanical mapping unapproved,,,,
808572,151582,vnc_motor,ad,not a leg annotation,MNad57,MNad57_L,L,,A8,AbNT,13392.0,MNad57,13392.0,,,Traced,source annotation only; mechanical mapping unapproved,,,,
808621,151626,vnc_motor,ad,not a leg annotation,MNad01,MNad01_L,L,,A1,AbN3,19300.0,MNad01,18939.0,,,Traced,source annotation only; mechanical mapping unapproved,,,,
808640,151642,vnc_motor,fl,front,Sternal posterior rotator MN,Sternal posterior rotator MN_L,L,,T1,ProAN,29689.0,Sternal posterior rotator MN,25767.0,,,Traced,source annotation only; mechanical mapping unapproved,,,,
808685,151681,vnc_motor,hl,hind,Ti flexor MN,Ti flexor MN_R,R,,T3,MetaLN,13512.0,Ti flexor MN,,,,Traced,source annotation only; mechanical mapping unapproved,,,,
808720,151712,vnc_motor,ad,not a leg annotation,MNad16,MNad16_L,L,,A2,AbN4,22574.0,MNad16,21057.0,,,Traced,source annotation only; mechanical mapping unapproved,,,,
808813,151792,vnc_motor,hm,not a leg annotation,hi2 MN,hi2 MN_L,L,,T3,AbN1,,hi2 MN,,,,Traced,source annotation only; mechanical mapping unapproved,,,,
808820,151799,vnc_motor,ad,not a leg annotation,MNad01,MNad01_R,R,,A4,AbN4,13188.0,MNad01,13188.0,,,Traced,source annotation only; mechanical mapping unapproved,,,,
808888,151854,vnc_motor,ad,not a leg annotation,MNad16,MNad16_R,R,,A1,AbN3,33009.0,MNad16,15296.0,,,Traced,source annotation only; mechanical mapping unapproved,,,,
808926,151885,vnc_motor,ad,not a leg annotation,"MNad04,MNad48","MNad04,MNad48_R",R,,A10,AbNT,10386.0,"MNad04,MNad48",,,,Traced,source annotation only; mechanical mapping unapproved,,,,
809055,151986,vnc_motor,hl,hind,MNhl88,MNhl88_R,R,,T3,MetaLN,13883.0,MNhl88,13883.0,,,Traced,source annotation only; mechanical mapping unapproved,,,,
809085,152009,vnc_motor,hm,not a leg annotation,hDVM MN,hDVM MN_R,R,,T3,AbN1,14322.0,hDVM MN,14267.0,,,Traced,source annotation only; mechanical mapping unapproved,,,,
809238,152142,vnc_motor,ad,not a leg annotation,MNad16,MNad16_R,R,,A2,AbN4,21057.0,MNad16,21057.0,,,Traced,source annotation only; mechanical mapping unapproved,,,,
809304,152194,vnc_motor,ad,not a leg annotation,MNad45,MNad45_R,R,,A1,AbN2,16750.0,MNad45,16728.0,,,Traced,source annotation only; mechanical mapping unapproved,,,,
809397,152266,vnc_motor,ad,not a leg annotation,"MNad04,MNad48","MNad04,MNad48_L",L,,A9,AbNT,16735.0,"MNad04,MNad48",,,,Traced,source annotation only; mechanical mapping unapproved,,,,
809401,152270,vnc_motor,ad,not a leg annotation,MNad25,MNad25_L,L,,A2,AbN3,13050.0,MNad25,13050.0,,,Traced,source annotation only; mechanical mapping unapproved,,,,
809484,152344,vnc_motor,ad,not a leg annotation,MNad30,MNad30_L,L,,A1,AbN2,16068.0,MNad30,16068.0,,,Traced,source annotation only; mechanical mapping unapproved,,,,
809492,152352,vnc_motor,ad,not a leg annotation,"MNad04,MNad48","MNad04,MNad48_R",R,,A10,AbNT,11624.0,"MNad04,MNad48",,,,Traced,source annotation only; mechanical mapping unapproved,,,,
809604,152452,vnc_motor,hl,hind,Acc. tr flexor MN,Acc. tr flexor MN_L,L,,T3,MetaLN,162913.0,Acc. tr flexor MN,,,,Traced,source annotation only; mechanical mapping unapproved,,,,
809670,152506,vnc_motor,ml,middle,Acc. ti flexor MN,Acc. ti flexor MN_L,L,,T2,MesoLN,13784.0,Acc. ti flexor MN,13784.0,,,Traced,source annotation only; mechanical mapping unapproved,,,,
809862,152666,vnc_motor,ad,not a leg annotation,MNad09,MNad09_R,R,,A6,AbNT,153866.0,MNad09,14859.0,,,Traced,source annotation only; mechanical mapping unapproved,,,,
809912,152711,vnc_motor,fl,front,Ti flexor MN,Ti flexor MN_L,L,,T1,ProLN,17133.0,Ti flexor MN,,,,Traced,source annotation only; mechanical mapping unapproved,,,,
809935,152728,vnc_motor,hl,hind,Ti extensor MN,Ti extensor MN_R,R,,T3,MetaLN,13006.0,Ti extensor MN,13006.0,,,Traced,source annotation only; mechanical mapping unapproved,,,,
809985,152768,vnc_motor,hm,not a leg annotation,hi2 MN,hi2 MN_R,R,,T3,AbN1,,hi2 MN,,,,Traced,source annotation only; mechanical mapping unapproved,,,,
810069,152840,vnc_motor,ad,not a leg annotation,MNad09,MNad09_L,L,,A6,AbNT,15529.0,MNad09,14859.0,,,Traced,source annotation only; mechanical mapping unapproved,,,,
810086,152854,vnc_motor,ad,not a leg annotation,MNad03,MNad03_L,L,,A4,AbN4,,MNad03,18060.0,,,Traced,source annotation only; mechanical mapping unapproved,,,,
810098,152863,vnc_motor,fl,front,Ti flexor MN,Ti flexor MN_R,R,,T1,ProLN,14848.0,Ti flexor MN,,,,Traced,source annotation only; mechanical mapping unapproved,,,,
810241,152979,vnc_motor,ad,not a leg annotation,MNad09,MNad09_R,R,,A5,AbNT,102953.0,MNad09,15529.0,,,Traced,source annotation only; mechanical mapping unapproved,,,,
810372,153079,vnc_motor,ad,not a leg annotation,MNad09,MNad09_L,L,,A5,AbNT,15073.0,MNad09,15529.0,,,Traced,source annotation only; mechanical mapping unapproved,,,,
810460,153154,vnc_motor,hm,not a leg annotation,hiii2 MN,hiii2 MN_R,R,,T3,AbN1,16016.0,hiii2 MN,13151.0,,,Traced,source annotation only; mechanical mapping unapproved,,,,
810535,153214,vnc_motor,fl,front,Tergopleural/Pleural promotor MN,Tergopleural/Pleural promotor MN_R,R,,T1,DProN,13464.0,Tergopleural/Pleural promotor MN,13464.0,,,Traced,source annotation only; mechanical mapping unapproved,,,,
810541,153218,vnc_motor,fl,front,Ta levator MN,Ta levator MN_L,L,,T1,ProLN,22358.0,Ta levator MN,16346.0,,,Traced,source annotation only; mechanical mapping unapproved,,,,
810639,153295,vnc_motor,fl,front,Tr flexor MN,Tr flexor MN_L,L,,T1,VProN,19771.0,Tr flexor MN,,,,Traced,source annotation only; mechanical mapping unapproved,,,,
810720,153359,vnc_motor,ml,middle,Acc. tr flexor MN,Acc. tr flexor MN_R,R,,T2,MesoLN,102019.0,Acc. tr flexor MN,102019.0,,,Traced,source annotation only; mechanical mapping unapproved,,,,
811137,153698,vnc_motor,hl,hind,MNhl87,MNhl87_L,L,,T3,MetaLN,17761.0,MNhl87,15857.0,,,Traced,source annotation only; mechanical mapping unapproved,,,,
811395,153894,vnc_motor,xm,not a leg annotation,MNxm02,MNxm02_R,R,,T2,DMetaN,12308.0,MNxm02,12308.0,,,Traced,source annotation only; mechanical mapping unapproved,,,,
811400,153898,vnc_motor,xm,not a leg annotation,MNxm02,MNxm02_L,L,,T2,DMetaN,13072.0,MNxm02,12308.0,,,Traced,source annotation only; mechanical mapping unapproved,,,,
811554,154015,vnc_motor,ad,not a leg annotation,MNad07,MNad07_R,R,,A4,AbN4,13182.0,MNad07,14768.0,,,Traced,source annotation only; mechanical mapping unapproved,,,,
811652,154094,vnc_motor,fl,front,Fe reductor MN,Fe reductor MN_R,R,,T1,ProLN,11226.0,Fe reductor MN,,,,Traced,source annotation only; mechanical mapping unapproved,,,,
811952,154332,vnc_motor,ad,not a leg annotation,MNad07,MNad07_L,L,,A3,AbN4,13733.0,MNad07,13733.0,,,Traced,source annotation only; mechanical mapping unapproved,,,,
811999,154366,vnc_motor,ad,not a leg annotation,MNad09,MNad09_L,L,,A4,AbNT,14241.0,MNad09,13631.0,,,Traced,source annotation only; mechanical mapping unapproved,,,,
812111,154458,vnc_motor,fl,front,Fe reductor MN,Fe reductor MN_L,L,,T1,ProLN,13920.0,Fe reductor MN,12891.0,,,Traced,source annotation only; mechanical mapping unapproved,,,,
812186,154519,vnc_motor,ad,not a leg annotation,MNad09,MNad09_R,R,,A4,AbNT,13188.0,MNad09,13631.0,,,Traced,source annotation only; mechanical mapping unapproved,,,,
812193,154526,vnc_motor,ad,not a leg annotation,MNad55,MNad55_L,L,,A9,AbNT,17622.0,MNad55,13742.0,,,Traced,source annotation only; mechanical mapping unapproved,,,,
812354,154657,vnc_motor,ad,not a leg annotation,MNad43,MNad43_R,R,,A1,AbN3,18376.0,MNad43,17391.0,,,Traced,source annotation only; mechanical mapping unapproved,,,,
812385,154685,vnc_motor,ad,not a leg annotation,MNad07,MNad07_R,R,,A3,AbN4,14288.0,MNad07,13733.0,,,Traced,source annotation only; mechanical mapping unapproved,,,,
812503,154784,vnc_motor,ad,not a leg annotation,MNad49,MNad49_L,L,,A9,AbNT,10676.0,MNad49,14447.0,,,Traced,source annotation only; mechanical mapping unapproved,,,,
812531,154807,vnc_motor,ml,middle,Acc. ti flexor MN,Acc. ti flexor MN_R,R,,T2,MesoLN,16495.0,Acc. ti flexor MN,,,,Traced,source annotation only; mechanical mapping unapproved,,,,
812718,154960,vnc_motor,ad,not a leg annotation,MNad07,MNad07_L,L,,A5,AbN4,11554.0,MNad07,13929.0,,,Traced,source annotation only; mechanical mapping unapproved,,,,
812752,154991,vnc_motor,xm,not a leg annotation,MNxm03,MNxm03_R,R,,T2,DMetaN,13478.0,MNxm03,13478.0,,,Traced,source annotation only; mechanical mapping unapproved,,,,
812872,155079,vnc_motor,ml,middle,ltm MN,ltm MN_R,R,,T2,MesoLN,26809.0,ltm MN,,,,Traced,source annotation only; mechanical mapping unapproved,,,,
812899,155099,vnc_motor,hl,hind,MNhl87,MNhl87_R,R,,T3,MetaLN,15857.0,MNhl87,15857.0,,,Traced,source annotation only; mechanical mapping unapproved,,,,
812953,155145,vnc_motor,hl,hind,Ti extensor MN,Ti extensor MN_L,L,,T3,MetaLN,10347.0,Ti extensor MN,10347.0,,,Traced,source annotation only; mechanical mapping unapproved,,,,
812988,155173,vnc_motor,xm,not a leg annotation,MNxm03,MNxm03_L,L,,T2,DMetaN,16167.0,MNxm03,13478.0,,,Traced,source annotation only; mechanical mapping unapproved,,,,
813291,155401,vnc_motor,ad,not a leg annotation,MNad25,MNad25_R,R,,A2,AbN3,12314.0,MNad25,13050.0,,,Traced,source annotation only; mechanical mapping unapproved,,,,
813480,155560,vnc_motor,fl,front,Sternal adductor MN,Sternal adductor MN_L,L,,T1,ProAN,155853.0,Sternal adductor MN,21718.0,,,Traced,source annotation only; mechanical mapping unapproved,,,,
813566,155626,vnc_motor,fl,front,Fe reductor MN,Fe reductor MN_R,R,,T1,ProLN,12891.0,Fe reductor MN,12891.0,,,Traced,source annotation only; mechanical mapping unapproved,,,,
813603,155655,vnc_motor,ml,middle,ltm MN,ltm MN_L,L,,T2,MesoLN,17964.0,ltm MN,35735.0,,,Traced,source annotation only; mechanical mapping unapproved,,,,
813629,155674,vnc_motor,hl,hind,Acc. ti flexor MN,Acc. ti flexor MN_R,R,,T3,MetaLN,16228.0,Acc. ti flexor MN,,,,Traced,source annotation only; mechanical mapping unapproved,,,,
813633,155678,vnc_motor,ad,not a leg annotation,MNad21,MNad21_R,R,,A2,AbN3,10616.0,MNad21,10548.0,,,Traced,source annotation only; mechanical mapping unapproved,,,,
813696,155728,vnc_motor,nm,not a leg annotation,ADNM2 MN,ADNM2 MN_R,R,,T1,CvN,17653.0,ADNM2,14549.0,,,Traced,source annotation only; mechanical mapping unapproved,,,,
813755,155781,vnc_motor,ml,middle,Tergotr. MN,Tergotr. MN_L,L,,T2,MesoLN,30650.0,Tergotr. MN,15107.0,,,Traced,source annotation only; mechanical mapping unapproved,,,,
814106,156048,vnc_motor,ad,not a leg annotation,"MNad04,MNad48","MNad04,MNad48_R",R,,A10,AbNT,10383.0,"MNad04,MNad48",,,,Traced,source annotation only; mechanical mapping unapproved,,,,
814163,156096,vnc_motor,fl,front,Fe reductor MN,Fe reductor MN_L,L,,T1,ProLN,14949.0,Fe reductor MN,14949.0,,,Traced,source annotation only; mechanical mapping unapproved,,,,
814206,156135,vnc_motor,ad,not a leg annotation,MNad06,MNad06_L,L,,A4,AbN4,23466.0,MNad06,14981.0,,,Traced,source annotation only; mechanical mapping unapproved,,,,
814430,156309,vnc_motor,ad,not a leg annotation,MNad03,MNad03_L,L,,A5,AbN4,13225.0,MNad03,,,,Traced,source annotation only; mechanical mapping unapproved,,,,
814489,156347,vnc_motor,fl,front,Tr flexor MN,Tr flexor MN_L,L,,T1,ProAN,163686.0,Tr flexor MN,,,,Traced,source annotation only; mechanical mapping unapproved,,,,
814942,156693,vnc_motor,ml,middle,Tr extensor MN,Tr extensor MN_R,R,,T2,MesoLN,17930.0,Tr extensor MN,17930.0,,,Traced,source annotation only; mechanical mapping unapproved,,,,
814983,156725,vnc_motor,ml,middle,MNml78,MNml78_R,R,,T2,MesoLN,162868.0,MNml78,20511.0,,,Traced,source annotation only; mechanical mapping unapproved,,,,
814989,156728,vnc_motor,ad,not a leg annotation,MNad03,MNad03_R,R,,A3,AbN4,18060.0,MNad03,16305.0,,,Traced,source annotation only; mechanical mapping unapproved,,,,
815075,156791,vnc_motor,ad,not a leg annotation,MNad17,MNad17_L,L,,A8,AbNT,13415.0,MNad17,12682.0,,,Traced,source annotation only; mechanical mapping unapproved,,,,
815097,156804,vnc_motor,hl,hind,ltm MN,ltm MN_R,R,,T3,MetaLN,166393.0,ltm MN,,,,Traced,source annotation only; mechanical mapping unapproved,,,,
815205,156885,vnc_motor,ad,not a leg annotation,MNad03,MNad03_L,L,,A3,AbN4,,MNad03,16305.0,,,Traced,source annotation only; mechanical mapping unapproved,,,,
815209,156888,vnc_motor,ad,not a leg annotation,MNad29,MNad29_R,R,,T3,AbN1,17688.0,MNad29,17688.0,,,Traced,source annotation only; mechanical mapping unapproved,,,,
815246,156913,vnc_motor,fl,front,Acc. ti flexor MN,Acc. ti flexor MN_L,L,,T1,ProLN,17885.0,Acc. ti flexor MN,,,,Traced,source annotation only; mechanical mapping unapproved,,,,
815281,156939,vnc_motor,ad,not a leg annotation,MNad03,MNad03_R,R,,A5,AbN4,10524.0,MNad03,,,,Traced,source annotation only; mechanical mapping unapproved,,,,
815344,156979,vnc_motor,fl,front,Ti extensor MN,Ti extensor MN_L,L,,T1,ProLN,10256.0,Ti extensor MN,11657.0,,,Traced,source annotation only; mechanical mapping unapproved,,,,
815498,157084,vnc_motor,hl,hind,ltm2-femur MN,ltm2-femur MN_L,L,,T3,MetaLN,158889.0,ltm2-femur MN,16356.0,,,Traced,source annotation only; mechanical mapping unapproved,,,,
815678,157213,vnc_motor,fl,front,Ti extensor MN,Ti extensor MN_R,R,,T1,ProLN,22126.0,Ti extensor MN,11706.0,,,Traced,source annotation only; mechanical mapping unapproved,,,,
815682,157216,vnc_motor,ad,not a leg annotation,MNad29,MNad29_L,L,,T3,AbN1,153281.0,MNad29,17688.0,,,Traced,source annotation only; mechanical mapping unapproved,,,,
815854,157349,vnc_motor,fl,front,Sternal adductor MN,Sternal adductor MN_R,R,,T1,ProAN,21718.0,Sternal adductor MN,21718.0,,,Traced,source annotation only; mechanical mapping unapproved,,,,
815958,157420,vnc_motor,hl,hind,Acc. tr flexor MN,Acc. tr flexor MN_R,R,,T3,MetaLN,17693.0,Acc. tr flexor MN,,,,Traced,source annotation only; mechanical mapping unapproved,,,,
816018,157466,vnc_motor,ml,middle,Sternal adductor MN,Sternal adductor MN_L,L,,T2,MesoLN,156233.0,Sternal adductor MN,13817.0,,,Traced,source annotation only; mechanical mapping unapproved,,,,
816022,157469,vnc_motor,hl,hind,MNhl29,MNhl29_R,R,,T3,MetaLN,14649.0,MNhl29,14649.0,,,Traced,source annotation only; mechanical mapping unapproved,,,,
816215,157603,vnc_motor,fl,front,Acc. ti flexor MN,Acc. ti flexor MN_L,L,,T1,ProLN,18412.0,Acc. ti flexor MN,,,,Traced,source annotation only; mechanical mapping unapproved,,,,
816222,157609,vnc_motor,ml,middle,Ti flexor MN,Ti flexor MN_R,R,,T2,MesoLN,18448.0,Ti flexor MN,,,,Traced,source annotation only; mechanical mapping unapproved,,,,
816404,157725,vnc_motor,fl,front,Acc. ti flexor MN,Acc. ti flexor MN_L,L,,T1,ProLN,23698.0,Acc. ti flexor MN,,,,Traced,source annotation only; mechanical mapping unapproved,,,,
816501,157787,vnc_motor,hl,hind,MNhl02,MNhl02_L,L,,T3,AbN1,27479.0,MNhl02,11274.0,,,Traced,source annotation only; mechanical mapping unapproved,,,,
816648,157876,vnc_motor,fl,front,Tr flexor MN,Tr flexor MN_R,R,,T1,ProAN,39951.0,Tr flexor MN,,,,Traced,source annotation only; mechanical mapping unapproved,,,,
816810,157977,vnc_motor,ad,not a leg annotation,"MNad18,MNad27","MNad18,MNad27_L",L,,A1,AbN2,11572.0,"MNad18,MNad27",,,,Traced,source annotation only; mechanical mapping unapproved,,,,
817026,158114,vnc_motor,xm,not a leg annotation,MNxm01,MNxm01_L,L,,T1,PDMNa,12009.0,MNxm01,11372.0,,,Traced,source annotation only; mechanical mapping unapproved,,,,
817133,158173,vnc_motor,ad,not a leg annotation,"MNad18,MNad27","MNad18,MNad27_R",R,,A1,AbN2,11585.0,"MNad18,MNad27",,,,Traced,source annotation only; mechanical mapping unapproved,,,,
817210,158218,vnc_motor,fl,front,Ta levator MN,Ta levator MN_R,R,,T1,ProLN,16346.0,Ta levator MN,16346.0,,,Traced,source annotation only; mechanical mapping unapproved,,,,
817283,158260,vnc_motor,fl,front,Acc. ti flexor MN,Acc. ti flexor MN_L,L,,T1,ProLN,15023.0,Acc. ti flexor MN,,,,Traced,source annotation only; mechanical mapping unapproved,,,,
817347,158303,vnc_motor,fl,front,Tergotr. MN,Tergotr. MN_R,R,,T1,VProN,23553.0,Tergotr. MN,19443.0,,,Traced,source annotation only; mechanical mapping unapproved,,,,
817374,158325,vnc_motor,hl,hind,Acc. ti flexor MN,Acc. ti flexor MN_L,L,,T3,MetaLN,163009.0,Acc. ti flexor MN,,,,Traced,source annotation only; mechanical mapping unapproved,,,,
817458,158379,vnc_motor,ad,not a leg annotation,MNad54,MNad54_L,L,,A1,AbN2,14021.0,MNad54,13806.0,,,Traced,source annotation only; mechanical mapping unapproved,,,,
817509,158408,vnc_motor,fl,front,Acc. ti flexor MN,Acc. ti flexor MN_R,R,,T1,ProLN,12761.0,Acc. ti flexor MN,12761.0,,,Traced,source annotation only; mechanical mapping unapproved,,,,
817595,158467,vnc_motor,fl,front,Fe reductor MN,Fe reductor MN_R,R,,T1,VProN,29484.0,Fe reductor MN,29484.0,,,Traced,source annotation only; mechanical mapping unapproved,,,,
817640,158493,vnc_motor,fl,front,Tr flexor MN,Tr flexor MN_R,R,,T1,ProAN,14783.0,Tr flexor MN,,,,Traced,source annotation only; mechanical mapping unapproved,,,,
817655,158502,vnc_motor,fl,front,Ta depressor MN,Ta depressor MN_L,L,,T1,ProLN,,Ta depressor MN,,,,Traced,source annotation only; mechanical mapping unapproved,,,,
817681,158518,vnc_motor,ml,middle,Tr flexor MN,Tr flexor MN_R,R,,T2,MesoLN,157207.0,Tr flexor MN,,,,Traced,source annotation only; mechanical mapping unapproved,,,,
817835,158609,vnc_motor,ad,not a leg annotation,"MNad18,MNad27","MNad18,MNad27_R",R,,A1,AbN2,14407.0,"MNad18,MNad27",,,,Traced,source annotation only; mechanical mapping unapproved,,,,
817927,158664,vnc_motor,ad,not a leg annotation,"MNad18,MNad27","MNad18,MNad27_L",L,,A2,AbN3,12445.0,"MNad18,MNad27",,,,Traced,source annotation only; mechanical mapping unapproved,,,,
817990,158698,vnc_motor,ml,middle,MNml78,MNml78_R,R,,T2,MesoLN,35950.0,MNml78,20511.0,,,Traced,source annotation only; mechanical mapping unapproved,,,,
817999,158702,vnc_motor,ad,not a leg annotation,MNad54,MNad54_L,L,,A1,AbN2,14653.0,MNad54,13806.0,,,Traced,source annotation only; mechanical mapping unapproved,,,,
818057,158729,vnc_motor,fl,front,Ti flexor MN,Ti flexor MN_L,L,,T1,ProLN,15321.0,Ti flexor MN,,,,Traced,source annotation only; mechanical mapping unapproved,,,,
818077,158741,vnc_motor,ad,not a leg annotation,"MNad18,MNad27","MNad18,MNad27_R",R,,A2,AbN3,12841.0,"MNad18,MNad27",,,,Traced,source annotation only; mechanical mapping unapproved,,,,
818098,158752,vnc_motor,xm,not a leg annotation,MNxm01,MNxm01_R,R,,T1,PDMNa,11372.0,MNxm01,11372.0,,,Traced,source annotation only; mechanical mapping unapproved,,,,
818295,158842,vnc_motor,ml,middle,Ti flexor MN,Ti flexor MN_L,L,,T2,MesoLN,16635.0,Ti flexor MN,,,,Traced,source annotation only; mechanical mapping unapproved,,,,
818387,158887,vnc_motor,ad,not a leg annotation,MNad54,MNad54_R,R,,A1,AbN2,14159.0,MNad54,13806.0,,,Traced,source annotation only; mechanical mapping unapproved,,,,
818389,158888,vnc_motor,fl,front,Tr flexor MN,Tr flexor MN_L,L,,T1,ProAN,23299.0,Tr flexor MN,,,,Traced,source annotation only; mechanical mapping unapproved,,,,
818399,158894,vnc_motor,hl,hind,Sternal posterior rotator MN,Sternal posterior rotator MN_L,L,,T3,MetaLN,27258.0,Sternal posterior rotator MN,28219.0,,,Traced,source annotation only; mechanical mapping unapproved,,,,
818428,158906,vnc_motor,ad,not a leg annotation,MNad54,MNad54_R,R,,A1,AbN2,13806.0,MNad54,13806.0,,,Traced,source annotation only; mechanical mapping unapproved,,,,
818553,158972,vnc_motor,fl,front,ltm1-tibia MN,ltm1-tibia MN_L,L,,T1,ProLN,13952.0,ltm1-tibia MN,13952.0,,,Traced,source annotation only; mechanical mapping unapproved,,,,
818563,158978,vnc_motor,ad,not a leg annotation,MNad25,MNad25_L,L,,A1,AbN2,14370.0,MNad25,13924.0,,,Traced,source annotation only; mechanical mapping unapproved,,,,
818719,159053,vnc_motor,fl,front,Tr flexor MN,Tr flexor MN_R,R,,T1,ProAN,41353.0,Tr flexor MN,,,,Traced,source annotation only; mechanical mapping unapproved,,,,
818842,159110,vnc_motor,fl,front,Tr extensor MN,Tr extensor MN_R,R,,T1,ProLN,27028.0,Tr extensor MN,19929.0,,,Traced,source annotation only; mechanical mapping unapproved,,,,
818996,159170,vnc_motor,ml,middle,Sternal posterior rotator MN,Sternal posterior rotator MN_R,R,,T2,MesoLN,21120.0,Sternal posterior rotator MN,11529.0,,,Traced,source annotation only; mechanical mapping unapproved,,,,
819112,159217,vnc_motor,hl,hind,Ti flexor MN,Ti flexor MN_L,L,,T3,MetaLN,15893.0,Ti flexor MN,,,,Traced,source annotation only; mechanical mapping unapproved,,,,
819203,159252,vnc_motor,ml,middle,Tr flexor MN,Tr flexor MN_R,R,,T2,MesoLN,19983.0,Tr flexor MN,19983.0,,,Traced,source annotation only; mechanical mapping unapproved,,,,
819278,159278,vnc_motor,fl,front,Ta depressor MN,Ta depressor MN_L,L,,T1,ProLN,18554.0,Ta depressor MN,,,,Traced,source annotation only; mechanical mapping unapproved,,,,
819384,159323,vnc_motor,fl,front,Ti flexor MN,Ti flexor MN_L,L,,T1,ProLN,17885.0,Ti flexor MN,,,,Traced,source annotation only; mechanical mapping unapproved,,,,
819492,159365,vnc_motor,ad,not a leg annotation,MNad12,MNad12_R,R,,A9,AbNT,11847.0,MNad12,14233.0,,,Traced,source annotation only; mechanical mapping unapproved,,,,
819549,159395,vnc_motor,ad,not a leg annotation,MNad12,MNad12_L,L,,A8,AbNT,15749.0,MNad12,13183.0,,,Traced,source annotation only; mechanical mapping unapproved,,,,
819674,159446,vnc_motor,ml,middle,Acc. ti flexor MN,Acc. ti flexor MN_L,L,,T2,MesoLN,17070.0,Acc. ti flexor MN,,,,Traced,source annotation only; mechanical mapping unapproved,,,,
819796,159476,vnc_motor,ad,not a leg annotation,MNad25,MNad25_R,R,,A1,AbN2,18241.0,MNad25,13924.0,,,Traced,source annotation only; mechanical mapping unapproved,,,,
819869,159501,vnc_motor,fl,front,Acc. ti flexor MN,Acc. ti flexor MN_L,L,,T1,ProLN,13397.0,Acc. ti flexor MN,12761.0,,,Traced,source annotation only; mechanical mapping unapproved,,,,
820110,159562,vnc_motor,fl,front,Ta levator MN,Ta levator MN_R,R,,T1,ProLN,19751.0,Ta levator MN,15446.0,,,Traced,source annotation only; mechanical mapping unapproved,,,,
820130,159570,vnc_motor,fl,front,Tr flexor MN,Tr flexor MN_R,R,,T1,ProAN,41933.0,Tr flexor MN,,,,Traced,source annotation only; mechanical mapping unapproved,,,,
820350,159629,vnc_motor,hl,hind,Fe reductor MN,Fe reductor MN_L,L,,T3,MetaLN,21665.0,Fe reductor MN,16633.0,,,Traced,source annotation only; mechanical mapping unapproved,,,,
820574,159689,vnc_motor,ml,middle,MNml83,MNml83_R,R,,T2,MesoLN,200065.0,MNml83,,,,Traced,source annotation only; mechanical mapping unapproved,,,,
820632,159702,vnc_motor,ml,middle,MNml80,MNml80_L,L,,T2,MesoLN,17697.0,MNml80,15616.0,,,Traced,source annotation only; mechanical mapping unapproved,,,,
820668,159708,vnc_motor,fl,front,Tr flexor MN,Tr flexor MN_R,R,,T1,VProN,19886.0,Tr flexor MN,,,,Traced,source annotation only; mechanical mapping unapproved,,,,
820764,159733,vnc_motor,ml,middle,Fe reductor MN,Fe reductor MN_L,L,,T2,MesoLN,45494.0,Fe reductor MN,,,,Traced,source annotation only; mechanical mapping unapproved,,,,
820803,159739,vnc_motor,ad,not a leg annotation,"MNad18,MNad27","MNad18,MNad27_R",R,,A2,AbN3,,"MNad18,MNad27",,,,Traced,source annotation only; mechanical mapping unapproved,,,,
820896,159762,vnc_motor,fl,front,Ta levator MN,Ta levator MN_R,R,,T1,ProLN,15446.0,Ta levator MN,16346.0,,,Traced,source annotation only; mechanical mapping unapproved,,,,
820983,159787,vnc_motor,ad,not a leg annotation,MNad12,MNad12_R,R,,A8,AbNT,20591.0,MNad12,13183.0,,,Traced,source annotation only; mechanical mapping unapproved,,,,
821154,159824,vnc_motor,hl,hind,Acc. tr flexor MN,Acc. tr flexor MN_L,L,,T3,MetaLN,13095.0,Acc. tr flexor MN,,,,Traced,source annotation only; mechanical mapping unapproved,,,,
821291,159860,vnc_motor,fl,front,Acc. tr flexor MN,Acc. tr flexor MN_L,L,,T1,ProLN,25475.0,Acc. tr flexor MN,,,,Traced,source annotation only; mechanical mapping unapproved,,,,
821375,159878,vnc_motor,ml,middle,Acc. tr flexor MN,Acc. tr flexor MN_L,L,,T2,MesoLN,155216.0,Acc. tr flexor MN,,,,Traced,source annotation only; mechanical mapping unapproved,,,,
821449,159887,vnc_motor,hl,hind,ltm2-femur MN,ltm2-femur MN_R,R,,T3,MetaLN,16356.0,ltm2-femur MN,16356.0,,,Traced,source annotation only; mechanical mapping unapproved,,,,
821494,159893,vnc_motor,ml,middle,MNml79,MNml79_L,L,,T2,MesoLN,,MNml79,17964.0,,,Traced,source annotation only; mechanical mapping unapproved,,,,
821635,159918,vnc_motor,fl,front,Ti flexor MN,Ti flexor MN_R,R,,T1,ProLN,13399.0,Ti flexor MN,,,,Traced,source annotation only; mechanical mapping unapproved,,,,
821769,159939,vnc_motor,ml,middle,Fe reductor MN,Fe reductor MN_R,R,,T2,MesoLN,42738.0,Fe reductor MN,,,,Traced,source annotation only; mechanical mapping unapproved,,,,
822013,159968,vnc_motor,ml,middle,Ti flexor MN,Ti flexor MN_R,R,,T2,MesoLN,162827.0,Ti flexor MN,,,,Traced,source annotation only; mechanical mapping unapproved,,,,
822047,159977,vnc_motor,fl,front,ltm1-tibia MN,ltm1-tibia MN_L,L,,T1,ProLN,19092.0,ltm1-tibia MN,,,,Traced,source annotation only; mechanical mapping unapproved,,,,
822092,159982,vnc_motor,fl,front,ltm MN,ltm MN_L,L,,T1,ProLN,24139.0,ltm MN,24139.0,,,Traced,source annotation only; mechanical mapping unapproved,,,,
822185,159991,vnc_motor,ml,middle,MNml77,MNml77_L,L,,T2,MesoLN,103416.0,MNml77,103416.0,,,Traced,source annotation only; mechanical mapping unapproved,,,,
822252,160003,vnc_motor,hl,hind,MNhl64,MNhl64_L,L,,T3,MetaLN,29474.0,MNhl64,13740.0,,,Traced,source annotation only; mechanical mapping unapproved,,,,
822274,160005,vnc_motor,fl,front,ltm MN,ltm MN_L,L,,T1,ProLN,14069.0,ltm MN,11786.0,,,Traced,source annotation only; mechanical mapping unapproved,,,,
822742,160065,vnc_motor,ml,middle,MNml80,MNml80_L,L,,T2,MesoLN,14775.0,MNml80,,,,Traced,source annotation only; mechanical mapping unapproved,,,,
822945,160092,vnc_motor,hl,hind,Ti flexor MN,Ti flexor MN_L,L,,T3,MetaLN,,Ti flexor MN,,,,Traced,source annotation only; mechanical mapping unapproved,,,,
823132,160117,vnc_motor,ml,middle,Fe reductor MN,Fe reductor MN_R,R,,T2,MesoLN,35432.0,Fe reductor MN,,,,Traced,source annotation only; mechanical mapping unapproved,,,,
823168,160123,vnc_motor,fl,front,Tr flexor MN,Tr flexor MN_L,L,,T1,VProN,16963.0,Tr flexor MN,,,,Traced,source annotation only; mechanical mapping unapproved,,,,
823281,160139,vnc_motor,fl,front,Tr flexor MN,Tr flexor MN_L,L,,T1,VProN,153142.0,Tr flexor MN,,,,Traced,source annotation only; mechanical mapping unapproved,,,,
823405,160145,vnc_motor,hl,hind,ltm MN,ltm MN_L,L,,T3,MetaLN,19074.0,ltm MN,,,,Traced,source annotation only; mechanical mapping unapproved,,,,
823665,160165,vnc_motor,hl,hind,Ti flexor MN,Ti flexor MN_R,R,,T3,MetaLN,12758.0,Ti flexor MN,,,,Traced,source annotation only; mechanical mapping unapproved,,,,
823739,160171,vnc_motor,ml,middle,Ti flexor MN,Ti flexor MN_L,L,,T2,MesoLN,100707.0,Ti flexor MN,,,,Traced,source annotation only; mechanical mapping unapproved,,,,
824041,160194,vnc_motor,ml,middle,Ti flexor MN,Ti flexor MN_L,L,,T2,MesoLN,14665.0,Ti flexor MN,,,,Traced,source annotation only; mechanical mapping unapproved,,,,
824104,160202,vnc_motor,hl,hind,ltm MN,ltm MN_L,L,,T3,MetaLN,21963.0,ltm MN,,,,Traced,source annotation only; mechanical mapping unapproved,,,,
824223,160213,vnc_motor,wm,not a leg annotation,STTMm,STTMm_R,R,,T2,PDMNp,22175.0,STTMm,13214.0,,,Traced,source annotation only; mechanical mapping unapproved,,,,
824315,160224,vnc_motor,ml,middle,Tr flexor MN,Tr flexor MN_R,R,,T2,MesoLN,171948.0,Tr flexor MN,15006.0,,,Traced,source annotation only; mechanical mapping unapproved,,,,
824689,160248,vnc_motor,ml,middle,ltm MN,ltm MN_L,L,,T2,MesoLN,17419.0,ltm MN,,,,Traced,source annotation only; mechanical mapping unapproved,,,,
824997,160279,vnc_motor,ml,middle,ltm MN,ltm MN_R,R,,T2,MesoLN,162830.0,ltm MN,,,,Traced,source annotation only; mechanical mapping unapproved,,,,
825485,160312,vnc_motor,ml,middle,Acc. ti flexor MN,Acc. ti flexor MN_L,L,,T2,MesoLN,14213.0,Acc. ti flexor MN,,,,Traced,source annotation only; mechanical mapping unapproved,,,,
825516,160314,vnc_motor,fl,front,Acc. ti flexor MN,Acc. ti flexor MN_L,L,,T1,ProLN,29554.0,Acc. ti flexor MN,,,,Traced,source annotation only; mechanical mapping unapproved,,,,
825681,160327,vnc_motor,ml,middle,ltm MN,ltm MN_L,L,,T2,MesoLN,15873.0,ltm MN,,,,Traced,source annotation only; mechanical mapping unapproved,,,,
825721,160330,vnc_motor,fl,front,Ta depressor MN,Ta depressor MN_R,R,,T1,ProLN,15434.0,Ta depressor MN,15434.0,,,Traced,source annotation only; mechanical mapping unapproved,,,,
825991,160350,vnc_motor,ad,not a leg annotation,MNad21,MNad21_L,L,,A2,AbN3,10548.0,MNad21,10548.0,,,Traced,source annotation only; mechanical mapping unapproved,,,,
826996,160407,vnc_motor,ml,middle,ltm2-femur MN,ltm2-femur MN_L,L,,T2,MesoLN,25447.0,ltm2-femur MN,,,,Traced,source annotation only; mechanical mapping unapproved,,,,
827188,160414,vnc_motor,fl,front,Ti flexor MN,Ti flexor MN_R,R,,T1,ProLN,,Ti flexor MN,,,,Traced,source annotation only; mechanical mapping unapproved,,,,
827968,160449,vnc_motor,hl,hind,Ti flexor MN,Ti flexor MN_R,R,,T3,MetaLN,37220.0,Ti flexor MN,,,,Traced,source annotation only; mechanical mapping unapproved,,,,
828238,160462,vnc_motor,hl,hind,,,R,,T3,MetaLN,,,,,,Traced,source annotation only; mechanical mapping unapproved,,,,
828939,160497,vnc_motor,fl,front,Tr flexor MN,Tr flexor MN_L,L,,T1,ProLN,17226.0,Tr flexor MN,,,,Traced,source annotation only; mechanical mapping unapproved,,,,
828978,160500,vnc_motor,hl,hind,Sternotrochanter MN,Sternotrochanter MN_L,L,,T3,MetaLN,157503.0,Sternotrochanter MN,13069.0,,,Traced,source annotation only; mechanical mapping unapproved,,,,
829873,160541,vnc_motor,hl,hind,Acc. ti flexor MN,Acc. ti flexor MN_L,L,,T3,MetaLN,,Acc. ti flexor MN,,,,Traced,source annotation only; mechanical mapping unapproved,,,,
830039,160550,vnc_motor,fl,front,ltm2-femur MN,ltm2-femur MN_R,R,,T1,ProLN,17050.0,ltm2-femur MN,16711.0,,,Traced,source annotation only; mechanical mapping unapproved,,,,
830480,160567,vnc_motor,ml,middle,Acc. ti flexor MN,Acc. ti flexor MN_L,L,,T2,MesoLN,24828.0,Acc. ti flexor MN,,,,Traced,source annotation only; mechanical mapping unapproved,,,,
830514,160570,vnc_motor,ml,middle,Ti extensor MN,Ti extensor MN_R,R,,T2,MesoLN,11489.0,Ti extensor MN,10737.0,,,Traced,source annotation only; mechanical mapping unapproved,,,,
830847,160581,vnc_motor,wm,not a leg annotation,STTMm,STTMm_L,L,,T2,PDMNp,17316.0,STTMm,17316.0,,,Traced,source annotation only; mechanical mapping unapproved,,,,
832490,160632,vnc_motor,ml,middle,Sternal anterior rotator MN,Sternal anterior rotator MN_L,L,,T2,MesoLN,16295.0,Sternal anterior rotator MN,16295.0,,,Traced,source annotation only; mechanical mapping unapproved,,,,
833140,160643,vnc_motor,fl,front,Acc. ti flexor MN,Acc. ti flexor MN_R,R,,T1,ProLN,16897.0,Acc. ti flexor MN,,,,Traced,source annotation only; mechanical mapping unapproved,,,,
833211,160645,vnc_motor,ad,not a leg annotation,"MNad18,MNad27","MNad18,MNad27_L",L,,A1,AbN2,13924.0,"MNad18,MNad27",,,,Traced,source annotation only; mechanical mapping unapproved,,,,
834952,160673,vnc_motor,nm,not a leg annotation,"MNnm07,MNnm12","MNnm07,MNnm12_R",R,,T1,DProN,15789.0,"MNnm07,MNnm12",,,,Traced,source annotation only; mechanical mapping unapproved,,,,
835074,160675,vnc_motor,fl,front,Fe reductor MN,Fe reductor MN_R,R,,T1,VProN,28884.0,Fe reductor MN,29484.0,,,Traced,source annotation only; mechanical mapping unapproved,,,,
837745,160697,vnc_motor,fl,front,Acc. ti flexor MN,Acc. ti flexor MN_R,R,,T1,ProLN,15367.0,Acc. ti flexor MN,,,,Traced,source annotation only; mechanical mapping unapproved,,,,
838321,160700,vnc_motor,fl,front,Tr extensor MN,Tr extensor MN_R,R,,T1,ProAN,14536.0,Tr extensor MN,14536.0,,,Traced,source annotation only; mechanical mapping unapproved,,,,
840530,160723,vnc_motor,ml,middle,Tr extensor MN,Tr extensor MN_R,R,,T2,MesoLN,162833.0,Tr extensor MN,13904.0,,,Traced,source annotation only; mechanical mapping unapproved,,,,
840740,160727,vnc_motor,hl,hind,Ti flexor MN,Ti flexor MN_R,R,,T3,MetaLN,12504.0,Ti flexor MN,,,,Traced,source annotation only; mechanical mapping unapproved,,,,
840981,160733,vnc_motor,hl,hind,Tr extensor MN,Tr extensor MN_L,L,,T3,MetaLN,162912.0,Tr extensor MN,10866.0,,,Traced,source annotation only; mechanical mapping unapproved,,,,
843389,160757,vnc_motor,hl,hind,Acc. ti flexor MN,Acc. ti flexor MN_L,L,,T3,MetaLN,21186.0,Acc. ti flexor MN,,,,Traced,source annotation only; mechanical mapping unapproved,,,,
852673,160824,vnc_motor,ml,middle,ltm2-femur MN,ltm2-femur MN_R,R,,T2,MesoLN,13033.0,ltm2-femur MN,,,,Traced,source annotation only; mechanical mapping unapproved,,,,
852881,160827,vnc_motor,hl,hind,,,R,,T3,MetaLN,23390.0,,,,,Traced,source annotation only; mechanical mapping unapproved,,,,
853504,160831,vnc_motor,nm,not a leg annotation,"MNnm07,MNnm12","MNnm07,MNnm12_L",L,,T1,DProN,24975.0,"MNnm07,MNnm12",,,,Traced,source annotation only; mechanical mapping unapproved,,,,
856359,160849,vnc_motor,ml,middle,Sternotrochanter MN,Sternotrochanter MN_R,R,,T2,MesoLN,18716.0,Sternotrochanter MN,18716.0,,,Traced,source annotation only; mechanical mapping unapproved,,,,
857751,160857,vnc_motor,hl,hind,ltm2-femur MN,ltm2-femur MN_L,L,,T3,MetaLN,,ltm2-femur MN,,,,Traced,source annotation only; mechanical mapping unapproved,,,,
858248,160859,vnc_motor,hl,hind,ltm1-tibia MN,ltm1-tibia MN_L,L,,T3,MetaLN,,ltm1-tibia MN,13241.0,,,Traced,source annotation only; mechanical mapping unapproved,,,,
860084,160867,vnc_motor,fl,front,ltm MN,ltm MN_R,R,,T1,ProLN,11786.0,ltm MN,11786.0,,,Traced,source annotation only; mechanical mapping unapproved,,,,
867630,160895,vnc_motor,fl,front,Acc. ti flexor MN,Acc. ti flexor MN_L,L,,T1,ProLN,13156.0,Acc. ti flexor MN,,,,Traced,source annotation only; mechanical mapping unapproved,,,,
867926,160896,vnc_motor,ml,middle,Acc. tr flexor MN,Acc. tr flexor MN_R,R,,T2,MesoLN,218885.0,Acc. tr flexor MN,,,,Traced,source annotation only; mechanical mapping unapproved,,,,
869369,160904,vnc_motor,hl,hind,MNhl65,MNhl65_R,R,,T3,MetaLN,13144.0,MNhl65,13144.0,,,Traced,source annotation only; mechanical mapping unapproved,,,,
876504,160924,vnc_motor,hl,hind,,,L,,T3,MetaLN,,,,,,Traced,source annotation only; mechanical mapping unapproved,,,,
890541,160951,vnc_motor,hl,hind,ltm MN,ltm MN_L,L,,T3,MetaLN,23016.0,ltm MN,,,,Traced,source annotation only; mechanical mapping unapproved,,,,
895449,160960,vnc_motor,ml,middle,MNml78,MNml78_L,L,,T2,MesoLN,20551.0,MNml78,20511.0,,,Traced,source annotation only; mechanical mapping unapproved,,,,
896719,160963,vnc_motor,hl,hind,Acc. tr flexor MN,Acc. tr flexor MN_L,L,,T3,MetaLN,34004.0,Acc. tr flexor MN,,,,Traced,source annotation only; mechanical mapping unapproved,,,,
902310,161062,vnc_motor,hl,hind,Pleural remotor/abductor MN,Pleural remotor/abductor MN_L,L,,T3,MetaLN,15278.0,Pleural remotor/abductor MN,,,,Traced,source annotation only; mechanical mapping unapproved,,,,
902492,161130,vnc_motor,ml,middle,Pleural remotor/abductor MN,Pleural remotor/abductor MN_L,L,,T2,MesoLN,17091.0,Pleural remotor/abductor MN,41482.0,,,Traced,source annotation only; mechanical mapping unapproved,,,,
902719,161200,vnc_motor,ml,middle,Pleural remotor/abductor MN,Pleural remotor/abductor MN_R,R,,T2,MesoLN,166337.0,Pleural remotor/abductor MN,41482.0,,,Traced,source annotation only; mechanical mapping unapproved,,,,
902962,161268,vnc_motor,hl,hind,Fe reductor MN,Fe reductor MN_R,R,,T3,MetaLN,12113.0,Fe reductor MN,12113.0,,,Traced,source annotation only; mechanical mapping unapproved,,,,
903010,161273,vnc_motor,fl,front,Tr flexor MN,Tr flexor MN_R,R,,T1,ProAN,21612.0,Tr flexor MN,,,,Traced,source annotation only; mechanical mapping unapproved,,,,
903090,161296,vnc_motor,hl,hind,MNhl62,MNhl62_R,R,,T3,AbN1,17970.0,MNhl62,17970.0,,,Traced,source annotation only; mechanical mapping unapproved,,,,
903152,161329,vnc_motor,nm,not a leg annotation,ADNM1 MN,ADNM1 MN_L,L,,T1,CvN,10407.0,ADNM1,10407.0,,,Traced,source annotation only; mechanical mapping unapproved,,,,
903153,161330,vnc_motor,nm,not a leg annotation,MNnm13,MNnm13_R,R,,T1,DProN,15244.0,MNnm13,15244.0,,,Traced,source annotation only; mechanical mapping unapproved,,,,
903158,161331,vnc_motor,ml,middle,Tr flexor MN,Tr flexor MN_L,L,,T2,MesoLN,19704.0,Tr flexor MN,15006.0,,,Traced,source annotation only; mechanical mapping unapproved,,,,
903159,161332,vnc_motor,ml,middle,Tr flexor MN,Tr flexor MN_L,L,,T2,MesoLN,155218.0,Tr flexor MN,15006.0,,,Traced,source annotation only; mechanical mapping unapproved,,,,
903298,161372,vnc_motor,fl,front,Acc. ti flexor MN,Acc. ti flexor MN_L,L,,T1,ProLN,16632.0,Acc. ti flexor MN,,,,Traced,source annotation only; mechanical mapping unapproved,,,,
903363,161393,vnc_motor,ml,middle,Ti flexor MN,Ti flexor MN_R,R,,T2,MesoLN,167438.0,Ti flexor MN,,,,Traced,source annotation only; mechanical mapping unapproved,,,,
903508,161462,vnc_motor,ml,middle,MNml81,MNml81_L,L,,T2,MesoLN,13036.0,MNml81,13036.0,,,Traced,source annotation only; mechanical mapping unapproved,,,,
903579,161499,vnc_motor,ml,middle,Tr flexor MN,Tr flexor MN_L,L,,T2,MesoLN,167442.0,Tr flexor MN,19983.0,,,Traced,source annotation only; mechanical mapping unapproved,,,,
903642,161522,vnc_motor,hl,hind,Sternal posterior rotator MN,Sternal posterior rotator MN_R,R,,T3,MetaLN,17947.0,Sternal posterior rotator MN,,,,Traced,source annotation only; mechanical mapping unapproved,,,,
903643,161523,vnc_motor,hl,hind,Sternal posterior rotator MN,Sternal posterior rotator MN_R,R,,T3,MetaLN,11400.0,Sternal posterior rotator MN,,,,Traced,source annotation only; mechanical mapping unapproved,,,,
903679,161533,vnc_motor,ad,not a leg annotation,MNad67,MNad67_L,L,,A8,AbNT,11063.0,MNad67,10865.0,,,Traced,source annotation only; mechanical mapping unapproved,,,,
903689,161534,vnc_motor,ml,middle,Sternal anterior rotator MN,Sternal anterior rotator MN_L,L,,T2,MesoLN,20119.0,Sternal anterior rotator MN,20119.0,,,Traced,source annotation only; mechanical mapping unapproved,,,,
903844,161583,vnc_motor,ml,middle,MNml80,MNml80_R,R,,T2,MesoLN,15616.0,MNml80,15616.0,,,Traced,source annotation only; mechanical mapping unapproved,,,,
903852,161591,vnc_motor,wm,not a leg annotation,hg3 MN,hg3 MN_R,R,,T2,ADMN,10931.0,hg3 MN,10130.0,,,Traced,source annotation only; mechanical mapping unapproved,,,,
904184,161710,vnc_motor,hl,hind,Sternal adductor MN,Sternal adductor MN_L,L,,T3,MetaLN,29483.0,Sternal adductor MN,,,,Traced,source annotation only; mechanical mapping unapproved,,,,
904657,161824,vnc_motor,ml,middle,Sternotrochanter MN,Sternotrochanter MN_L,L,,T2,MesoLN,26132.0,Sternotrochanter MN,19094.0,,,Traced,source annotation only; mechanical mapping unapproved,,,,
904990,161943,vnc_motor,ad,not a leg annotation,MNad62,MNad62_R,R,,A8,AbNT,19067.0,MNad62,11549.0,,,Traced,source annotation only; mechanical mapping unapproved,,,,
905145,162016,vnc_motor,ml,middle,Fe reductor MN,Fe reductor MN_R,R,,T2,MesoLN,16552.0,Fe reductor MN,16552.0,,,Traced,source annotation only; mechanical mapping unapproved,,,,
905210,162041,vnc_motor,nm,not a leg annotation,MNnm11,MNnm11_L,L,,T1,DProN,102542.0,MNnm11,23937.0,,,Traced,source annotation only; mechanical mapping unapproved,,,,
905235,162056,vnc_motor,ml,middle,Acc. ti flexor MN,Acc. ti flexor MN_R,R,,T2,MesoLN,,Acc. ti flexor MN,16495.0,,,Traced,source annotation only; mechanical mapping unapproved,,,,
905236,162057,vnc_motor,ml,middle,MNml80,MNml80_R,R,,T2,MesoLN,16497.0,MNml80,15616.0,,,Traced,source annotation only; mechanical mapping unapproved,,,,
905421,162118,vnc_motor,ml,middle,Pleural remotor/abductor MN,Pleural remotor/abductor MN_L,L,,T2,MesoLN,21255.0,Pleural remotor/abductor MN,41482.0,,,Traced,source annotation only; mechanical mapping unapproved,,,,
905487,162133,vnc_motor,ml,middle,ltm MN,ltm MN_R,R,,T2,MesoLN,35735.0,ltm MN,35735.0,,,Traced,source annotation only; mechanical mapping unapproved,,,,
905559,162164,vnc_motor,ml,middle,MNml79,MNml79_R,R,,T2,MesoLN,32253.0,MNml79,17964.0,,,Traced,source annotation only; mechanical mapping unapproved,,,,
905584,162172,vnc_motor,ad,not a leg annotation,MNad66,MNad66_R,R,,A8,AbNT,10872.0,MNad66,10872.0,,,Traced,source annotation only; mechanical mapping unapproved,,,,
905586,162174,vnc_motor,hl,hind,Acc. tr flexor MN,Acc. tr flexor MN_R,R,,T3,MetaLN,19613.0,Acc. tr flexor MN,,,,Traced,source annotation only; mechanical mapping unapproved,,,,
905617,162185,vnc_motor,nm,not a leg annotation,MNnm09,MNnm09_L,L,,T1,DProN,12603.0,MNnm09,12603.0,,,Traced,source annotation only; mechanical mapping unapproved,,,,
905661,162200,vnc_motor,hl,hind,Tr extensor MN,Tr extensor MN_R,R,,T3,MetaLN,165340.0,Tr extensor MN,100826.0,,,Traced,source annotation only; mechanical mapping unapproved,,,,
905709,162214,vnc_motor,ad,not a leg annotation,MNad55,MNad55_R,R,,A9,AbNT,24593.0,MNad55,13742.0,,,Traced,source annotation only; mechanical mapping unapproved,,,,
905792,162240,vnc_motor,hl,hind,MNhl01,MNhl01_R,R,,T3,AbN1,15735.0,MNhl01,15735.0,,,Traced,source annotation only; mechanical mapping unapproved,,,,
905849,162260,vnc_motor,hl,hind,Tergotr. MN,Tergotr. MN_R,R,,T3,AbN1,13434.0,Tergotr. MN,13434.0,,,Traced,source annotation only; mechanical mapping unapproved,,,,
905928,162294,vnc_motor,hl,hind,Tr flexor MN,Tr flexor MN_R,R,,T3,MetaLN,26883.0,Tr flexor MN,,,,Traced,source annotation only; mechanical mapping unapproved,,,,
906003,162320,vnc_motor,hm,not a leg annotation,MNhm43,MNhm43_R,R,,T3,AbN1,49582.0,MNhm43,17216.0,,,Traced,source annotation only; mechanical mapping unapproved,,,,
906111,162356,vnc_motor,ad,not a leg annotation,MNad20,MNad20_R,R,,A9,AbNT,22670.0,MNad20,13356.0,,,Traced,source annotation only; mechanical mapping unapproved,,,,
906235,162378,vnc_motor,hl,hind,Sternal anterior rotator MN,Sternal anterior rotator MN_R,R,,T3,MetaLN,11022.0,Sternal anterior rotator MN,11022.0,,,Traced,source annotation only; mechanical mapping unapproved,,,,
906520,162480,vnc_motor,ad,not a leg annotation,MNad40,MNad40_L,L,,A1,AbN2,11638.0,MNad40,11638.0,,,Traced,source annotation only; mechanical mapping unapproved,,,,
906612,162498,vnc_motor,wm,not a leg annotation,"DVMn 3a, b","DVMn 3a, b_L",L,,T1,PDMNa,13586.0,"DVMn 3a, b",11776.0,,,Traced,source annotation only; mechanical mapping unapproved,,,,
907256,162602,vnc_motor,hl,hind,Sternal posterior rotator MN,Sternal posterior rotator MN_R,R,,T3,MetaLN,154133.0,Sternal posterior rotator MN,,,,Traced,source annotation only; mechanical mapping unapproved,,,,
907387,162641,vnc_motor,ml,middle,MNml77,MNml77_R,R,,T2,MesoLN,30781.0,MNml77,103416.0,,,Traced,source annotation only; mechanical mapping unapproved,,,,
907422,162655,vnc_motor,ml,middle,MNml78,MNml78_L,L,,T2,MesoLN,25956.0,MNml78,20511.0,,,Traced,source annotation only; mechanical mapping unapproved,,,,
907443,162662,vnc_motor,ml,middle,ltm1-tibia MN,ltm1-tibia MN_L,L,,T2,MesoLN,101736.0,ltm1-tibia MN,,,,Traced,source annotation only; mechanical mapping unapproved,,,,
907848,162781,vnc_motor,ml,middle,Acc. ti flexor MN,Acc. ti flexor MN_R,R,,T2,MesoLN,14849.0,Acc. ti flexor MN,,,,Traced,source annotation only; mechanical mapping unapproved,,,,
908094,162869,vnc_motor,ml,middle,Acc. ti flexor MN,Acc. ti flexor MN_L,L,,T2,MesoLN,25212.0,Acc. ti flexor MN,16495.0,,,Traced,source annotation only; mechanical mapping unapproved,,,,
908158,162897,vnc_motor,ad,not a leg annotation,MNad17,MNad17_L,L,,A9,AbNT,16437.0,MNad17,11624.0,,,Traced,source annotation only; mechanical mapping unapproved,,,,
908181,162905,vnc_motor,hm,not a leg annotation,hi1 MN,hi1 MN_L,L,,T3,AbN1,20786.0,hi1 MN,17022.0,,,Traced,source annotation only; mechanical mapping unapproved,,,,
908285,162943,vnc_motor,ad,not a leg annotation,MNad50,MNad50_R,R,,,AbNT,11584.0,MNad50,,,,Traced,source annotation only; mechanical mapping unapproved,,,,
908673,163062,vnc_motor,ml,middle,ltm2-femur MN,ltm2-femur MN_R,R,,T2,MesoLN,28532466490.0,ltm2-femur MN,,,,Traced,source annotation only; mechanical mapping unapproved,,,,
908762,163110,vnc_motor,hl,hind,Ti flexor MN,Ti flexor MN_L,L,,T3,MetaLN,14468.0,Ti flexor MN,,,,Traced,source annotation only; mechanical mapping unapproved,,,,
909078,163238,vnc_motor,ml,middle,Tr extensor MN,Tr extensor MN_L,L,,T2,MesoLN,30306.0,Tr extensor MN,17930.0,,,Traced,source annotation only; mechanical mapping unapproved,,,,
909255,163317,vnc_motor,ml,middle,Acc. ti flexor MN,Acc. ti flexor MN_R,R,,T2,MesoLN,39941.0,Acc. ti flexor MN,13784.0,,,Traced,source annotation only; mechanical mapping unapproved,,,,
909371,163357,vnc_motor,ml,middle,Sternal adductor MN,Sternal adductor MN_R,R,,T2,MesoLN,171055.0,Sternal adductor MN,13817.0,,,Traced,source annotation only; mechanical mapping unapproved,,,,
909521,163414,vnc_motor,fl,front,Tergotr. MN,Tergotr. MN_R,R,,T1,VProN,37234.0,Tergotr. MN,,,,Traced,source annotation only; mechanical mapping unapproved,,,,
909618,163451,vnc_motor,fl,front,Acc. tr flexor MN,Acc. tr flexor MN_L,L,,T1,ProLN,26588.0,Acc. tr flexor MN,14783.0,,,Traced,source annotation only; mechanical mapping unapproved,,,,
909713,163472,vnc_motor,fl,front,Acc. ti flexor MN,Acc. ti flexor MN_R,R,,T1,ProLN,16492.0,Acc. ti flexor MN,,,,Traced,source annotation only; mechanical mapping unapproved,,,,
909831,163516,vnc_motor,fl,front,Ti flexor MN,Ti flexor MN_L,L,,T1,ProLN,14798.0,Ti flexor MN,,,,Traced,source annotation only; mechanical mapping unapproved,,,,
910095,163575,vnc_motor,ml,middle,Tr flexor MN,Tr flexor MN_R,R,,T2,MesoLN,34115.0,Tr flexor MN,,,,Traced,source annotation only; mechanical mapping unapproved,,,,
910178,163599,vnc_motor,hl,hind,Ti flexor MN,Ti flexor MN_R,R,,T3,MetaLN,12800.0,Ti flexor MN,12585.0,,,Traced,source annotation only; mechanical mapping unapproved,,,,
910296,163623,vnc_motor,hl,hind,Acc. ti flexor MN,Acc. ti flexor MN_R,R,,T3,MetaLN,19260.0,Acc. ti flexor MN,,,,Traced,source annotation only; mechanical mapping unapproved,,,,
910334,163643,vnc_motor,fl,front,ltm MN,ltm MN_L,L,,T1,ProLN,47642.0,ltm MN,24139.0,,,Traced,source annotation only; mechanical mapping unapproved,,,,
911134,163835,vnc_motor,fl,front,Acc. tr flexor MN,Acc. tr flexor MN_L,L,,T1,ProLN,23048.0,Acc. tr flexor MN,14783.0,,,Traced,source annotation only; mechanical mapping unapproved,,,,
911334,163878,vnc_motor,ad,not a leg annotation,MNad17,MNad17_R,R,,A9,AbNT,12468.0,MNad17,11624.0,,,Traced,source annotation only; mechanical mapping unapproved,,,,
911338,163879,vnc_motor,ad,not a leg annotation,MNad69,MNad69_L,L,,A10,AbNT,15832.0,MNad69,10524.0,,,Traced,source annotation only; mechanical mapping unapproved,,,,
911453,163895,vnc_motor,fl,front,ltm MN,ltm MN_L,L,,T1,ProLN,173560.0,ltm MN,,,,Traced,source annotation only; mechanical mapping unapproved,,,,
912694,164175,vnc_motor,hl,hind,ltm1-tibia MN,ltm1-tibia MN_L,L,,T3,MetaLN,15712.0,ltm1-tibia MN,10811.0,,,Traced,source annotation only; mechanical mapping unapproved,,,,
913939,164309,vnc_motor,ad,not a leg annotation,MNad21,MNad21_R,R,,A1,AbN2,10473.0,MNad21,10473.0,,,Traced,source annotation only; mechanical mapping unapproved,,,,
914655,164374,vnc_motor,fl,front,Tr flexor MN,Tr flexor MN_R,R,,T1,ProLN,20673.0,Tr flexor MN,,,,Traced,source annotation only; mechanical mapping unapproved,,,,
914837,164388,vnc_motor,hl,hind,ltm1-tibia MN,ltm1-tibia MN_R,R,,T3,MetaLN,15380.0,ltm1-tibia MN,13241.0,,,Traced,source annotation only; mechanical mapping unapproved,,,,
914852,164393,vnc_motor,hl,hind,Acc. tr flexor MN,Acc. tr flexor MN_R,R,,T3,MetaLN,17693.0,Acc. tr flexor MN,,,,Traced,source annotation only; mechanical mapping unapproved,,,,
917601,164470,cb_motor,pm,not a leg annotation,MNx05,MNx05_L,L,,,PhN,,,,,,Traced,source annotation only; mechanical mapping unapproved,,,,
919509,164512,vnc_motor,fl,front,Sternal anterior rotator MN,Sternal anterior rotator MN_L,L,,T1,VProN,17176.0,Sternal anterior rotator MN,,,,Traced,source annotation only; mechanical mapping unapproved,,,,
924142,164610,vnc_motor,ml,middle,Tr flexor MN,Tr flexor MN_R,R,,T2,MesoLN,158769.0,Tr flexor MN,,,,Traced,source annotation only; mechanical mapping unapproved,,,,
924167,164611,vnc_motor,wm,not a leg annotation,STTMm,STTMm_L,L,,T2,PDMNp,13214.0,STTMm,13214.0,,,Traced,source annotation only; mechanical mapping unapproved,,,,
924189,164612,vnc_motor,fl,front,ltm MN,ltm MN_R,R,,T1,ProLN,154803.0,ltm MN,24139.0,,,Traced,source annotation only; mechanical mapping unapproved,,,,
924612,164620,cb_motor,pm,not a leg annotation,MN6,MN6_L,L,,,MxLbN,,,,,,Traced,source annotation only; mechanical mapping unapproved,,,,
924716,164621,vnc_motor,fl,front,Tergotr. MN,Tergotr. MN_R,R,,T1,VProN,,Tergotr. MN,,,,Traced,source annotation only; mechanical mapping unapproved,,,,
925726,164659,cb_motor,pm,not a leg annotation,MN10,MN10_L,L,,,PhN,,,,,,Traced,source annotation only; mechanical mapping unapproved,,,,
927808,164711,vnc_motor,ml,middle,Ti flexor MN,Ti flexor MN_L,L,,T2,MesoLN,153335.0,Ti flexor MN,15623.0,,,Traced,source annotation only; mechanical mapping unapproved,,,,
927828,164713,vnc_motor,ml,middle,Acc. tr flexor MN,Acc. tr flexor MN_L,L,,T2,MesoLN,156180.0,Acc. tr flexor MN,102019.0,,,Traced,source annotation only; mechanical mapping unapproved,,,,
928579,164731,vnc_motor,ml,middle,Ti extensor MN,Ti extensor MN_R,R,,T2,MesoLN,,Ti extensor MN,10461.0,,,Traced,source annotation only; mechanical mapping unapproved,,,,
928688,164732,vnc_motor,nm,not a leg annotation,FNM2,FNM2_L,L,,T1,DProN,24975.0,FNM2,14079.0,,,Traced,source annotation only; mechanical mapping unapproved,,,,
929376,164757,vnc_motor,hl,hind,Ti flexor MN,Ti flexor MN_L,L,,T3,MetaLN,14339.0,Ti flexor MN,,,,Traced,source annotation only; mechanical mapping unapproved,,,,
932321,164840,vnc_motor,wm,not a leg annotation,"DVMn 3a, b","DVMn 3a, b_R",R,,T1,PDMNa,11776.0,"DVMn 3a, b",11776.0,,,Traced,source annotation only; mechanical mapping unapproved,,,,
932322,164841,vnc_motor,wm,not a leg annotation,DVMn 1a-c,DVMn 1a-c_L,L,,T2,ADMN,10669.0,DVMn 1a-c,10669.0,,,Traced,source annotation only; mechanical mapping unapproved,,,,
932796,164855,vnc_motor,wm,not a leg annotation,DVMn 1a-c,DVMn 1a-c_L,L,,T2,ADMN,14017.0,DVMn 1a-c,10669.0,,,Traced,source annotation only; mechanical mapping unapproved,,,,
934019,164913,vnc_motor,hm,not a leg annotation,hiii2 MN,hiii2 MN_L,L,,T3,AbN1,,hiii2 MN,13151.0,,,Traced,source annotation only; mechanical mapping unapproved,,,,
934091,164915,vnc_motor,fl,front,Tergopleural/Pleural promotor MN,Tergopleural/Pleural promotor MN_L,L,,T1,DProN,13490.0,Tergopleural/Pleural promotor MN,13464.0,,,Traced,source annotation only; mechanical mapping unapproved,,,,
934519,164928,vnc_motor,hl,hind,Acc. ti flexor MN,Acc. ti flexor MN_L,L,,T3,MetaLN,25599.0,Acc. ti flexor MN,,,,Traced,source annotation only; mechanical mapping unapproved,,,,
935161,164973,vnc_motor,ad,not a leg annotation,"MNad04,MNad48","MNad04,MNad48_L",L,,A10,AbNT,,"MNad04,MNad48",,,,Traced,source annotation only; mechanical mapping unapproved,,,,
936696,165084,vnc_motor,hl,hind,MNhl65,MNhl65_L,L,,T3,MetaLN,19480.0,MNhl65,13144.0,,,Traced,source annotation only; mechanical mapping unapproved,,,,
939950,165138,vnc_motor,hl,hind,MNhl60,MNhl60_R,R,,T3,MetaLN,27205.0,MNhl60,27205.0,,,Traced,source annotation only; mechanical mapping unapproved,,,,
102317324,165481,cb_motor,pm,not a leg annotation,MN1,MN1_R,R,,GNG,MxLbN,,,,,,Traced,source annotation only; mechanical mapping unapproved,,,,
492462351,166036,cb_motor,pm,not a leg annotation,MN11V,MN11V_R,R,,,,,,,,,Traced,source annotation only; mechanical mapping unapproved,,,,
1004417640,166632,cb_motor,pm,not a leg annotation,MNx04,MNx04_L,L,,,PhN,,,,,,Traced,source annotation only; mechanical mapping unapproved,,,,
1050003192,166678,vnc_motor,hl,hind,Acc. ti flexor MN,Acc. ti flexor MN_L,L,,T3,MetaLN,14226.0,Acc. ti flexor MN,,,,Traced,source annotation only; mechanical mapping unapproved,,,,
1050005026,166679,vnc_motor,fl,front,Acc. ti flexor MN,Acc. ti flexor MN_R,R,,T1,ProLN,154804.0,Acc. ti flexor MN,,,,Traced,source annotation only; mechanical mapping unapproved,,,,
1050011487,166680,vnc_motor,nm,not a leg annotation,"MNnm07,MNnm12","MNnm07,MNnm12_L",L,,T1,DProN,26924.0,"MNnm07,MNnm12",,,,Traced,source annotation only; mechanical mapping unapproved,,,,
1050013311,166681,vnc_motor,hl,hind,Ti flexor MN,Ti flexor MN_R,R,,T3,MetaLN,22465.0,Ti flexor MN,,,,Traced,source annotation only; mechanical mapping unapproved,,,,
1050013851,166682,vnc_motor,fl,front,ltm MN,ltm MN_R,R,,T1,ProLN,15317.0,ltm MN,,,,Traced,source annotation only; mechanical mapping unapproved,,,,
1050014552,166683,vnc_motor,wm,not a leg annotation,DLMn c-f,DLMn c-f_R,R,,T1,PDMNa,,DLMn c-f,10014.0,,,Traced,source annotation only; mechanical mapping unapproved,,,,
1050015101,166684,vnc_motor,fl,front,ltm MN,ltm MN_R,R,,T1,ProLN,27078.0,ltm MN,24139.0,,,Traced,source annotation only; mechanical mapping unapproved,,,,
1050031705,166687,vnc_motor,fl,front,Ti flexor MN,Ti flexor MN_R,R,,T1,ProLN,,Ti flexor MN,,,,Traced,source annotation only; mechanical mapping unapproved,,,,
1050032839,166688,vnc_motor,hl,hind,Acc. ti flexor MN,Acc. ti flexor MN_R,R,,T3,MetaLN,,Acc. ti flexor MN,,,,Traced,source annotation only; mechanical mapping unapproved,,,,
1050038433,166689,vnc_motor,hl,hind,Acc. tr flexor MN,Acc. tr flexor MN_L,L,,T3,MetaLN,37741.0,Acc. tr flexor MN,,,,Traced,source annotation only; mechanical mapping unapproved,,,,
1050045395,166691,vnc_motor,wm,not a leg annotation,"DVMn 3a, b","DVMn 3a, b_R",R,,T1,PDMNa,162114.0,"DVMn 3a, b",11776.0,,,Traced,source annotation only; mechanical mapping unapproved,,,,
1050046221,166692,vnc_motor,ml,middle,MNml80,MNml80_L,L,,T2,MesoLN,25956.0,MNml80,15616.0,,,Traced,source annotation only; mechanical mapping unapproved,,,,
1050074465,166693,vnc_motor,ad,not a leg annotation,MNad15,MNad15_R,R,,A6,AbN4,,MNad15,13105.0,,,Traced,source annotation only; mechanical mapping unapproved,,,,
1050080384,166696,vnc_motor,hl,hind,ltm MN,ltm MN_L,L,,T3,MetaLN,14343.0,ltm MN,,,,Traced,source annotation only; mechanical mapping unapproved,,,,
1050088257,166697,vnc_motor,hl,hind,Ti flexor MN,Ti flexor MN_L,L,,T3,MetaLN,,Ti flexor MN,,,,Traced,source annotation only; mechanical mapping unapproved,,,,
1050091102,166698,vnc_motor,hl,hind,ltm MN,ltm MN_R,R,,T3,MetaLN,11480.0,ltm MN,,,,Traced,source annotation only; mechanical mapping unapproved,,,,
1050091581,166699,vnc_motor,fl,front,Acc. ti flexor MN,Acc. ti flexor MN_R,R,,T1,ProLN,18963.0,Acc. ti flexor MN,,,,Traced,source annotation only; mechanical mapping unapproved,,,,
1050098047,166700,vnc_motor,hl,hind,Tr flexor MN,Tr flexor MN_R,R,,T3,MetaLN,40443.0,Tr flexor MN,,,,Traced,source annotation only; mechanical mapping unapproved,,,,
1050100010,166701,vnc_motor,hl,hind,Ti flexor MN,Ti flexor MN_L,L,,T3,MetaLN,12585.0,Ti flexor MN,,,,Traced,source annotation only; mechanical mapping unapproved,,,,
1050102118,166702,vnc_motor,hl,hind,Acc. tr flexor MN,Acc. tr flexor MN_R,R,,T3,MetaLN,96565.0,Acc. tr flexor MN,,,,Traced,source annotation only; mechanical mapping unapproved,,,,
1050111955,166703,vnc_motor,fl,front,Ta levator MN,Ta levator MN_L,L,,T1,ProLN,25674.0,Ta levator MN,15446.0,,,Traced,source annotation only; mechanical mapping unapproved,,,,
1050115387,166706,vnc_motor,fl,front,Acc. ti flexor MN,Acc. ti flexor MN_L,L,,T1,ProLN,15791.0,Acc. ti flexor MN,,,,Traced,source annotation only; mechanical mapping unapproved,,,,
1050119039,166707,vnc_motor,ml,middle,MNml78,MNml78_L,L,,T2,MesoLN,30709.0,MNml78,20511.0,,,Traced,source annotation only; mechanical mapping unapproved,,,,
1050123559,166708,vnc_motor,hl,hind,Acc. ti flexor MN,Acc. ti flexor MN_L,L,,T3,MetaLN,27733.0,Acc. ti flexor MN,,,,Traced,source annotation only; mechanical mapping unapproved,,,,
1050126678,166709,vnc_motor,fl,front,Acc. ti flexor MN,Acc. ti flexor MN_R,R,,T1,ProLN,14824.0,Acc. ti flexor MN,,,,Traced,source annotation only; mechanical mapping unapproved,,,,
1050139141,166714,vnc_motor,hl,hind,Acc. tr flexor MN,Acc. tr flexor MN_L,L,,T3,MetaLN,22487.0,Acc. tr flexor MN,,,,Traced,source annotation only; mechanical mapping unapproved,,,,
1050151215,166718,vnc_motor,ml,middle,MNml78,MNml78_L,L,,T2,MesoLN,167919.0,MNml78,20511.0,,,Traced,source annotation only; mechanical mapping unapproved,,,,
1050156705,166720,vnc_motor,fl,front,Acc. ti flexor MN,Acc. ti flexor MN_R,R,,T1,ProLN,19048.0,Acc. ti flexor MN,,,,Traced,source annotation only; mechanical mapping unapproved,,,,
1050160514,166722,vnc_motor,hl,hind,Acc. ti flexor MN,Acc. ti flexor MN_R,R,,T3,MetaLN,20593.0,Acc. ti flexor MN,,,,Traced,source annotation only; mechanical mapping unapproved,,,,
1050160593,166723,vnc_motor,ml,middle,MNml76,MNml76_R,R,,T2,MesoLN,156505.0,MNml76,,,,Traced,source annotation only; mechanical mapping unapproved,,,,
1050166426,166725,vnc_motor,hl,hind,Ti flexor MN,Ti flexor MN_L,L,,T3,MetaLN,15038.0,Ti flexor MN,,,,Traced,source annotation only; mechanical mapping unapproved,,,,
1050174251,166727,vnc_motor,hl,hind,ltm2-femur MN,ltm2-femur MN_R,R,,T3,MetaLN,14773.0,ltm2-femur MN,,,,Traced,source annotation only; mechanical mapping unapproved,,,,
1050189039,166733,vnc_motor,fl,front,Ti flexor MN,Ti flexor MN_R,R,,T1,ProLN,13283.0,Ti flexor MN,,,,Traced,source annotation only; mechanical mapping unapproved,,,,
1050194310,166736,vnc_motor,hl,hind,Tr flexor MN,Tr flexor MN_L,L,,T3,MetaLN,166171.0,Tr flexor MN,17137.0,,,Traced,source annotation only; mechanical mapping unapproved,,,,
1050202259,166739,vnc_motor,hl,hind,MNhl65,MNhl65_L,L,,T3,MetaLN,,MNhl65,13144.0,,,Traced,source annotation only; mechanical mapping unapproved,,,,
1050202461,166740,vnc_motor,hl,hind,Acc. ti flexor MN,Acc. ti flexor MN_R,R,,T3,MetaLN,12725.0,Acc. ti flexor MN,,,,Traced,source annotation only; mechanical mapping unapproved,,,,
1050203465,166741,vnc_motor,hl,hind,ltm MN,ltm MN_R,R,,T3,MetaLN,29950.0,ltm MN,,,,Traced,source annotation only; mechanical mapping unapproved,,,,
1050211750,166743,vnc_motor,nm,not a leg annotation,"MNnm07,MNnm12","MNnm07,MNnm12_R",R,,T1,DProN,18717.0,"MNnm07,MNnm12",,,,Traced,source annotation only; mechanical mapping unapproved,,,,
1050233038,166748,vnc_motor,hl,hind,Acc. ti flexor MN,Acc. ti flexor MN_L,L,,T3,MetaLN,25885.0,Acc. ti flexor MN,,,,Traced,source annotation only; mechanical mapping unapproved,,,,
1050239701,166749,vnc_motor,hl,hind,Acc. tr flexor MN,Acc. tr flexor MN_L,L,,T3,MetaLN,,Acc. tr flexor MN,,,,Traced,source annotation only; mechanical mapping unapproved,,,,
1050248133,166751,vnc_motor,fl,front,Ta depressor MN,Ta depressor MN_R,R,,T1,ProLN,20373.0,Ta depressor MN,,,,Traced,source annotation only; mechanical mapping unapproved,,,,
1050251718,166752,vnc_motor,fl,front,ltm2-femur MN,ltm2-femur MN_R,R,,T1,ProLN,15720.0,ltm2-femur MN,,,,Traced,source annotation only; mechanical mapping unapproved,,,,
1050263576,166754,vnc_motor,hl,hind,Acc. ti flexor MN,Acc. ti flexor MN_L,L,,T3,MetaLN,12759.0,Acc. ti flexor MN,,,,Traced,source annotation only; mechanical mapping unapproved,,,,
1050268065,166755,vnc_motor,fl,front,Acc. ti flexor MN,Acc. ti flexor MN_R,R,,T1,ProLN,20605.0,Acc. ti flexor MN,,,,Traced,source annotation only; mechanical mapping unapproved,,,,
1050272154,166756,vnc_motor,hl,hind,,,L,,T3,MetaLN,,,,,,Traced,source annotation only; mechanical mapping unapproved,,,,
1050274189,166757,vnc_motor,hl,hind,MNhl60,MNhl60_L,L,,T3,MetaLN,100824.0,MNhl60,27205.0,reconstruction state mcns,,Traced,source annotation only; mechanical mapping unapproved,,,,
1050303231,166761,vnc_motor,hl,hind,Ti flexor MN,Ti flexor MN_R,R,,T3,MetaLN,12474.0,Ti flexor MN,,,,Traced,source annotation only; mechanical mapping unapproved,,,,
1050306082,166762,vnc_motor,fl,front,Acc. tr flexor MN,Acc. tr flexor MN_R,R,,T1,ProLN,13563.0,Acc. tr flexor MN,,,,Traced,source annotation only; mechanical mapping unapproved,,,,
1050335829,166764,vnc_motor,fl,front,Sternal posterior rotator MN,Sternal posterior rotator MN_L,L,,T1,ProAN,,Sternal posterior rotator MN,21241.0,,,Traced,source annotation only; mechanical mapping unapproved,,,,
1050340850,166765,vnc_motor,fl,front,,,R,,T1,ProLN,16658.0,,,,,Traced,source annotation only; mechanical mapping unapproved,,,,
1050349786,166766,vnc_motor,fl,front,Acc. tr flexor MN,Acc. tr flexor MN_R,R,,T1,ProLN,22729.0,Acc. tr flexor MN,,,,Traced,source annotation only; mechanical mapping unapproved,,,,
1050380236,166773,vnc_motor,fl,front,Ta depressor MN,Ta depressor MN_R,R,,T1,ProLN,26658.0,Ta depressor MN,,,,Traced,source annotation only; mechanical mapping unapproved,,,,
1050403926,166776,vnc_motor,fl,front,Ta depressor MN,Ta depressor MN_L,L,,T1,ProLN,15023.0,Ta depressor MN,,,,Traced,source annotation only; mechanical mapping unapproved,,,,
1050460102,166787,vnc_motor,hl,hind,Acc. ti flexor MN,Acc. ti flexor MN_R,R,,T3,MetaLN,21991.0,Acc. ti flexor MN,,,,Traced,source annotation only; mechanical mapping unapproved,,,,
1050493413,166789,vnc_motor,hl,hind,Sternal posterior rotator MN,Sternal posterior rotator MN_R,R,,T3,MetaLN,28219.0,Sternal posterior rotator MN,28219.0,,,Traced,source annotation only; mechanical mapping unapproved,,,,
1050607195,166799,vnc_motor,ml,middle,Fe reductor MN,Fe reductor MN_L,L,,T2,MesoLN,158681.0,Fe reductor MN,,,,Traced,source annotation only; mechanical mapping unapproved,,,,
1050615112,166800,vnc_motor,fl,front,ltm2-femur MN,ltm2-femur MN_L,L,,T1,ProLN,15818.0,ltm2-femur MN,16711.0,,,Traced,source annotation only; mechanical mapping unapproved,,,,
1050660827,166805,vnc_motor,fl,front,Ta depressor MN,Ta depressor MN_L,L,,T1,ProLN,166374.0,Ta depressor MN,,,,Traced,source annotation only; mechanical mapping unapproved,,,,
1050669248,166806,vnc_motor,ml,middle,Tr flexor MN,Tr flexor MN_L,L,,T2,MesoLN,153315.0,Tr flexor MN,15006.0,,,Traced,source annotation only; mechanical mapping unapproved,,,,
1050673969,166807,vnc_motor,ml,middle,MNml80,MNml80_R,R,,T2,MesoLN,18664.0,MNml80,,,,Traced,source annotation only; mechanical mapping unapproved,,,,
1050730563,166810,vnc_motor,hl,hind,Acc. tr flexor MN,Acc. tr flexor MN_L,L,,T3,MetaLN,24668.0,Acc. tr flexor MN,,,,Traced,source annotation only; mechanical mapping unapproved,,,,
1050815462,166819,vnc_motor,fl,front,Ta depressor MN,Ta depressor MN_R,R,,T1,ProLN,26777.0,Ta depressor MN,,,,Traced,source annotation only; mechanical mapping unapproved,,,,
1050938258,166832,vnc_motor,hl,hind,Tr flexor MN,Tr flexor MN_R,R,,T3,MetaLN,17137.0,Tr flexor MN,17137.0,,,Traced,source annotation only; mechanical mapping unapproved,,,,
1051054875,166843,vnc_motor,ml,middle,Sternal posterior rotator MN,Sternal posterior rotator MN_L,L,,T2,MesoLN,172408.0,Sternal posterior rotator MN,11529.0,,,Traced,source annotation only; mechanical mapping unapproved,,,,
1051062549,166846,vnc_motor,fl,front,Ta depressor MN,Ta depressor MN_L,L,,T1,ProLN,,Ta depressor MN,15434.0,,,Traced,source annotation only; mechanical mapping unapproved,,,,
1051236875,166861,vnc_motor,hl,hind,Acc. tr flexor MN,Acc. tr flexor MN_L,L,,T3,MetaLN,23117.0,Acc. tr flexor MN,,,,Traced,source annotation only; mechanical mapping unapproved,,,,
1051356801,166869,vnc_motor,ml,middle,Acc. ti flexor MN,Acc. ti flexor MN_L,L,,T2,MesoLN,21262.0,Acc. ti flexor MN,,,,Traced,source annotation only; mechanical mapping unapproved,,,,
1051367796,166872,vnc_motor,fl,front,Tr flexor MN,Tr flexor MN_L,L,,T1,ProAN,158694.0,Tr flexor MN,,,,Traced,source annotation only; mechanical mapping unapproved,,,,
1051670893,166886,vnc_motor,fl,front,Tr flexor MN,Tr flexor MN_L,L,,T1,ProAN,26613.0,Tr flexor MN,,,,Traced,source annotation only; mechanical mapping unapproved,,,,
1051680335,166887,vnc_motor,hl,hind,,,L,,T3,MetaLN,13192.0,,,,,Traced,source annotation only; mechanical mapping unapproved,,,,
1052407897,166929,vnc_motor,fl,front,,,R,,T1,ProLN,16203.0,,,,,Traced,source annotation only; mechanical mapping unapproved,,,,
1052521030,166931,vnc_motor,ml,middle,Acc. ti flexor MN,Acc. ti flexor MN_R,R,,T2,MesoLN,16017.0,Acc. ti flexor MN,,,,Traced,source annotation only; mechanical mapping unapproved,,,,
1057471940,167038,vnc_motor,fl,front,ltm1-tibia MN,ltm1-tibia MN_R,R,,T1,ProLN,166385.0,ltm1-tibia MN,13952.0,,,Traced,source annotation only; mechanical mapping unapproved,,,,
1059707690,167055,vnc_motor,hl,hind,Acc. ti flexor MN,Acc. ti flexor MN_R,R,,T3,MetaLN,13170.0,Acc. ti flexor MN,,,,Traced,source annotation only; mechanical mapping unapproved,,,,
